user_id,name,email,signup_date,country
2,Sandra Smith,brownevan@example.com,06-01-2024,USA
3,David Gibson,parkererin@example.com,06-02-2025,Germany
4,Victor Lewis,patricia38@example.org,17-04-2024,India
5,Marie Cohen,rosekevin@example.net,10-09-2023,UK
6,Belinda Morgan,hodom@example.net,18-04-2025,UK
8,Meghan Kennedy,christine91@example.org,24-10-2024,Japan
9,Brandy Williams,jhoward@example.org,09-10-2024,India
12,Mason Hayes,katherine28@example.org,02-08-2024,France
14,Marc Price,cynthia77@example.net,23-05-2025,UK
15,Stephen Daugherty,villajohn@example.org,13-03-2025,India
16,Robert Walker,robertrivera@example.net,26-03-2024,UK
17,Matthew Davis,higginsjustin@example.org,20-12-2023,Germany
18,Randy Bennett DDS,katiemaxwell@example.com,23-06-2024,USA
19,Cynthia Moss,hthornton@example.net,16-06-2023,USA
21,Maxwell Becker,edwardsduane@example.net,15-05-2025,Japan
22,Yvonne Scott,rbryan@example.org,19-01-2024,India
24,Timothy Henry,qbowman@example.net,17-09-2023,India
25,Douglas Miller,mariah93@example.org,19-08-2023,UK
27,Zachary Miller,timothysmith@example.com,22-09-2024,Canada
32,Sarah Clark,diazryan@example.com,06-09-2024,Canada
35,James Harris,gbonilla@example.org,17-08-2024,USA
36,Allison Simpson,richard30@example.net,30-09-2024,Germany
38,Danielle Robinson,sierra87@example.org,03-12-2023,Japan
39,Marcus Lam,gibbsmichael@example.com,07-08-2024,France
40,James Hall,jennifergreene@example.com,19-06-2024,Japan
41,Cynthia Joyce,elindsey@example.org,12-06-2024,France
42,Cody Marquez,morenolindsay@example.org,05-10-2023,France
43,Heather Henderson,kennedybrian@example.net,11-02-2025,Canada
44,Ryan Kane,katherine90@example.com,27-07-2024,UK
45,Sheila Le,daguirre@example.com,26-03-2024,France
46,Barry Stokes,brendathompson@example.net,01-01-2024,USA
47,Tyler Sweeney,georgepaul@example.org,27-01-2025,UK
48,Kelly Edwards,davismary@example.org,03-05-2024,Germany
49,Mark Martin,annecase@example.net,30-01-2025,France
50,Karen Trevino,kwarner@example.net,11-01-2025,Japan
51,Danielle Holt,matthew69@example.net,24-04-2025,Germany
53,Judith Fisher,robertwoods@example.net,01-12-2023,USA
54,Rebekah Carrillo,josephbowers@example.com,16-05-2025,Japan
55,Gregg James,izimmerman@example.org,10-04-2024,France
56,Tara Perry,jenkinswanda@example.com,01-07-2023,USA
57,Kevin Snyder,hrogers@example.net,12-03-2025,UK
58,Jessica Dominguez,icohen@example.com,17-06-2023,Canada
59,Renee Torres,hernandezbrian@example.net,11-02-2024,India
61,Anna Richards,smithdanielle@example.net,21-05-2025,India
63,Danielle Reid,mary77@example.com,09-08-2023,UK
64,Deborah Johnson,ngarrett@example.org,27-06-2023,Germany
66,Richard Reyes,herreraamanda@example.com,22-02-2025,Canada
67,Brian Martinez,sullivananita@example.org,19-10-2024,France
68,Paige Gibson,valerie62@example.com,11-01-2024,Japan
69,Tony Gallagher PhD,fadams@example.net,15-07-2023,India
70,Walter Cox,hknight@example.org,28-10-2023,India
71,Katelyn Hull,jzimmerman@example.com,17-06-2024,Canada
72,Matthew Hall,markharris@example.com,27-02-2024,UK
73,Amanda Boyd,jackmoore@example.net,12-04-2025,UK
74,Thomas Garcia,ywilliams@example.com,08-04-2024,Germany
76,Alyssa Blair,scott71@example.net,15-07-2023,USA
77,David Malone,christophercunningham@example.com,14-03-2024,France
78,Hannah Flynn,dgonzalez@example.net,23-11-2023,USA
81,Ashley Davis,zevans@example.com,04-01-2024,Canada
82,Christopher Hayes,harmstrong@example.net,03-05-2025,Canada
83,Carlos Hendrix,tinarichmond@example.com,06-11-2023,India
84,Joshua Gutierrez,johnsoncourtney@example.org,03-03-2025,Japan
85,Hailey Meadows,andersenbrian@example.com,04-03-2024,UK
86,Corey Fernandez,mooreruben@example.com,29-04-2024,France
88,Christy Thompson,jameswyatt@example.org,27-01-2025,France
89,Rachael Estrada,fforbes@example.org,28-06-2024,Canada
90,Kevin Potts,rodriguezdebbie@example.com,04-12-2024,Germany
92,Christina Ferguson,carolstark@example.org,31-01-2024,UK
93,Amy Miller,matthew92@example.com,05-01-2024,USA
94,Derrick French,barnesjulie@example.net,30-08-2023,UK
95,Lindsay Jones DVM,rherrera@example.org,10-12-2024,India
97,Jason Alexander,chad47@example.com,06-02-2024,Canada
100,Crystal Moore,choisusan@example.org,06-11-2024,USA
101,Terri Ball,zdavis@example.com,05-08-2023,UK
102,Jennifer Weeks,kimberly37@example.com,21-07-2023,USA
103,Martha Turner,garzakatherine@example.net,30-01-2024,Germany
107,Jonathan Hull,graygail@example.org,15-05-2025,Germany
108,Christopher Adams,bobbywilson@example.com,21-02-2025,Canada
110,Chelsea Wallace,adamsbradley@example.net,02-08-2024,Japan
111,Mary Rice,briandavis@example.net,27-03-2024,Germany
112,Elizabeth Black,rhodesjamie@example.net,07-04-2025,France
115,Grant Powell,theresamccormick@example.net,18-04-2025,UK
116,Joshua Padilla,colebrett@example.net,02-04-2025,USA
119,Ralph Hernandez,myersalexandria@example.com,28-12-2024,India
121,Brett Camacho,brownbrenda@example.net,05-05-2025,UK
122,Autumn Norman,llopez@example.net,06-01-2024,France
124,Thomas Lopez,john11@example.net,05-12-2023,Canada
125,Erin Rosales,dtaylor@example.com,30-09-2023,France
126,Brooke Dyer,benjamin31@example.com,07-09-2023,USA
127,Scott Ball,twilliams@example.com,02-06-2025,UK
128,Sandra White,rebecca25@example.com,23-08-2023,France
129,Devin Klein,millerdanielle@example.org,25-05-2025,Germany
131,Jamie Gonzalez,ethornton@example.com,20-01-2025,Japan
132,Bonnie Glenn,margaretflores@example.com,09-12-2023,Canada
135,William Erickson,zanderson@example.com,14-09-2024,Canada
137,Darlene Jones,parkermegan@example.net,27-05-2025,USA
138,Jasmine Fox,patriciahull@example.org,27-07-2024,Germany
139,Kimberly Hall,tcisneros@example.com,29-01-2024,Japan
140,John Scott,william08@example.org,31-07-2024,India
141,Jodi Cox,wrubio@example.com,15-01-2025,France
142,Michael Cowan,cranethomas@example.com,04-06-2024,Germany
143,Marie Lopez DDS,deborah51@example.com,23-04-2025,Japan
144,Barbara Blackburn,holly96@example.net,29-08-2024,Canada
145,Carol Hanson,amandamoreno@example.com,11-06-2024,France
146,Mary Howell,nathanmorrison@example.net,24-03-2025,Canada
148,Justin Daniels,patrick99@example.com,01-09-2024,USA
149,Jessica Thompson,alison86@example.org,12-10-2023,India
150,Gregory Anderson,tmorales@example.org,15-08-2023,Japan
152,Tyler Fitzpatrick,tporter@example.com,03-04-2025,USA
153,Steven Miller,chungmelissa@example.com,18-03-2025,Canada
154,Hannah Johnson,morrisbecky@example.org,11-08-2023,Japan
155,Kathleen James,bmoore@example.org,10-11-2024,USA
157,Ryan Reyes,christophergiles@example.org,09-05-2025,Canada
158,Timothy Smith,bbeasley@example.com,02-07-2024,Canada
159,Patricia Martin,frankthomas@example.net,19-03-2025,Japan
161,Jonathan Sanchez,cgraham@example.org,02-09-2024,France
163,Melvin Rhodes,andrea38@example.org,16-07-2024,UK
164,Larry Moody,thomasaguirre@example.net,23-02-2025,USA
165,Jennifer Moses,gonzalezmatthew@example.net,23-03-2025,Canada
170,Holly Snow,ericasparks@example.net,31-08-2024,USA
171,Kimberly Todd,iknox@example.net,30-08-2024,UK
173,Stephanie Hale,pramirez@example.org,17-05-2024,Germany
174,Jose Erickson,grantparker@example.net,24-03-2024,Germany
176,Matthew Baker,howardthomas@example.com,12-07-2024,France
178,Steven Roberts,lauren36@example.net,28-03-2025,Canada
179,John Porter,robin95@example.org,15-07-2024,France
180,Jessica Scott MD,madison33@example.org,09-04-2025,Germany
184,Gilbert Vega,cochoa@example.net,05-05-2025,France
185,Robin Boyd,alan10@example.org,14-02-2025,Japan
187,Vanessa Jackson,christopher79@example.net,23-02-2025,Japan
188,Daniel Hughes,wjordan@example.org,11-07-2024,Germany
189,Melanie Sanchez,qadkins@example.org,10-11-2023,Japan
190,Julie Day,natalieblevins@example.net,05-08-2023,USA
191,Laura Salazar,riveracory@example.com,24-01-2025,France
193,Mary Taylor,nicholas40@example.com,24-11-2023,Germany
194,Matthew Smith,elizabethwatkins@example.net,27-07-2024,France
195,William Bush,tvasquez@example.net,11-01-2024,India
196,Jonathan Bryant,schmittthomas@example.org,06-05-2025,Germany
198,Amy Ortiz,carlroberts@example.net,24-08-2023,Japan
200,Devin Duncan,kimberly30@example.net,23-10-2024,France
203,Kristen White,kevinphillips@example.com,22-01-2025,Canada
204,Angela Mercado,ralph98@example.org,15-01-2024,France
205,Pamela Thomas,huntersamuel@example.net,27-12-2023,Canada
206,Rachel Dixon,jennifer35@example.net,06-08-2024,Japan
207,Rachael Paul,thomas26@example.com,26-03-2024,USA
208,Rebecca Hogan,angela08@example.org,15-08-2023,India
209,Nicole Pope,petermunoz@example.net,22-10-2024,Germany
210,Jacob Anderson,gilljane@example.net,26-12-2023,India
211,James Hanson,christophermiller@example.com,19-11-2024,India
213,Casey Carey,alexandra41@example.net,08-03-2025,France
215,Maria Winters,jeffreyhaley@example.net,03-06-2024,UK
217,Brandon Allison,rojasrick@example.org,25-07-2024,India
218,Marie Frost,zjacobs@example.org,10-11-2023,USA
219,Isabel Sloan MD,moralesalyssa@example.org,13-06-2024,UK
220,Kimberly Johnson,skramer@example.net,20-07-2023,France
222,Hayley Weber,brendanoble@example.org,23-07-2024,France
224,Phillip Kennedy,burkechristopher@example.com,13-08-2024,Germany
225,Steven White,davidmills@example.net,24-07-2024,Canada
226,David Collins,janetwoods@example.org,26-08-2024,France
228,Wendy Mccall,qvelasquez@example.org,18-04-2024,Germany
229,Sherry Baker,perryvictoria@example.com,21-08-2023,UK
230,Stephanie Orozco,kelly75@example.com,20-02-2025,Japan
232,David Jones,eric85@example.net,04-06-2024,Germany
233,Jasmine Powell,xdickerson@example.net,10-12-2024,USA
234,Rachel Johnson,charles96@example.org,20-07-2023,Japan
237,Melvin Williams,tonysimon@example.com,01-03-2024,USA
238,Marissa Martin,tyler85@example.org,16-11-2023,Germany
239,Brianna Harris,joshuabowers@example.org,03-12-2024,France
240,Teresa Bird,donald20@example.com,10-04-2024,USA
241,Thomas Williamson,sperez@example.org,10-10-2023,France
242,Christina Alvarez,gholder@example.net,12-07-2024,UK
243,Ryan Johnson,rmartin@example.org,25-11-2024,France
244,Emily Dickerson,noah97@example.com,10-11-2024,UK
246,Bobby Jones,qmartin@example.org,31-01-2025,USA
247,Julie Odom,fgray@example.org,09-12-2023,Japan
248,Amy Mcdowell,kbrown@example.org,18-03-2025,France
249,Laura Thomas,agonzalez@example.com,23-10-2023,Japan
250,Kimberly Manning,jamesdiaz@example.org,04-12-2024,France
251,Kimberly Rojas,william97@example.org,12-11-2024,UK
252,Susan Juarez,vholland@example.org,24-03-2025,USA
254,Jason Kim,mathew39@example.net,17-10-2024,India
255,David Coleman,veronica42@example.com,03-09-2023,UK
256,Gregory Ortiz,xdavis@example.com,16-11-2024,Canada
257,Jacqueline Cantrell,marvinlopez@example.org,13-06-2024,Canada
258,Travis Camacho,moorekenneth@example.org,11-08-2024,France
259,Christina Shaw,hayesbrian@example.org,07-01-2025,Canada
260,Jason Rodriguez,briannabell@example.org,09-12-2024,USA
261,Sarah Lane,chandlerlatoya@example.net,29-11-2024,UK
262,Michael Davis,samuel78@example.org,31-05-2024,Japan
263,Stephen Anderson,hollylowe@example.net,03-01-2024,France
264,Elizabeth King,hunterbarbara@example.net,16-11-2023,France
266,Lindsay Lopez,courtneygreen@example.net,17-06-2023,Canada
267,Cindy Howe,smithmelvin@example.org,07-02-2025,Germany
268,Melvin Davis,eileen79@example.com,23-06-2024,UK
269,Thomas Lutz,cheryl83@example.com,19-08-2024,France
271,Jessica Lawson,ghall@example.com,18-02-2025,UK
272,April Patterson,mariefuller@example.com,31-03-2024,USA
273,Heather Shepherd,rangelmark@example.org,18-06-2023,Germany
275,Johnathan Gutierrez,april28@example.org,08-01-2025,Germany
276,Kevin Perez,foxdaniel@example.net,28-03-2024,UK
279,Mr. Albert Wilson,cscott@example.net,30-04-2025,Japan
281,Vanessa Cohen,lmiller@example.org,01-08-2024,India
282,Danielle Jensen,scottclark@example.org,22-07-2023,UK
284,Daryl Goodwin,briannatyler@example.net,03-03-2025,Canada
285,Michael Dean,qromero@example.org,20-05-2025,Canada
286,Jason Reed,riceamy@example.com,06-03-2025,Canada
287,Matthew Gregory,williamhowe@example.org,30-06-2023,Canada
288,Jennifer Logan,sarah26@example.com,05-01-2024,UK
289,Jason Thompson,patricia18@example.com,03-09-2023,Germany
291,Ricky Brown,jennifer83@example.org,26-02-2025,Canada
292,Betty Ramos,ocoleman@example.com,16-06-2023,UK
294,Kristen Burch,cynthiaburton@example.com,28-05-2024,UK
295,Richard Pena,christopherhouston@example.com,12-07-2023,USA
296,Pamela Evans,danielkeller@example.com,11-09-2023,India
298,Isabel Lee,uparrish@example.org,26-10-2024,France
299,Jennifer Wilcox,sandrawatson@example.net,02-07-2024,UK
300,Angela Roberts,xthomas@example.net,01-06-2024,UK
302,Traci Ramirez,jonathanbaker@example.net,14-04-2024,USA
303,Eric Walsh,robin03@example.org,20-05-2025,Germany
304,Michael Jensen,melissahill@example.com,18-07-2024,India
306,Donna Sanchez,daughertyalejandro@example.com,27-02-2024,Canada
307,Amanda Mora,davidthompson@example.org,04-05-2025,USA
309,Roger Blanchard,quinnwesley@example.com,09-03-2024,Germany
310,William Hayes,victoria71@example.org,11-10-2023,Japan
311,Shawn Wright,torreskimberly@example.com,15-09-2024,Canada
314,Kristen Perez DDS,michellenelson@example.org,23-12-2024,Canada
315,Ms. Christina Harris MD,jason17@example.com,16-05-2025,Canada
316,April Bishop,jennifer66@example.com,26-02-2024,USA
318,Valerie Olsen,andersonvanessa@example.net,02-05-2025,Canada
320,Samantha Sharp,lisa13@example.org,20-04-2024,Germany
322,Cody Taylor,andrew44@example.com,23-08-2023,Canada
324,Jillian Rodriguez,ryanmitchell@example.org,25-02-2024,USA
326,Patrick Mckinney,milessusan@example.com,12-07-2024,Germany
327,Michael Lopez,williamsantiago@example.net,02-02-2024,France
328,Lauren Kelley,sarah39@example.org,06-07-2024,India
329,Jessica Lloyd,lindseyalexander@example.net,27-03-2024,Germany
330,Melissa Carter,avaughn@example.org,26-06-2024,Canada
334,Luis Savage,tatelogan@example.net,01-02-2024,France
335,Daniel Salinas,barnesmadison@example.com,09-03-2024,USA
336,George Davis,lburch@example.com,17-07-2024,USA
337,Deborah Harrington,zachary57@example.com,18-03-2025,USA
338,Teresa Lewis,dtorres@example.org,08-09-2023,USA
339,Alexander Moore,phillipsjose@example.org,29-11-2023,UK
340,Riley Brown,pmiller@example.com,29-08-2023,Canada
341,Matthew Rivera,harrismichael@example.net,10-06-2024,India
342,Joshua Hooper,owatson@example.net,11-01-2025,India
344,Bonnie Robles,collin97@example.net,18-05-2024,Germany
345,Charles Brown,jwilliams@example.org,26-08-2023,USA
350,Gary Thomas,james89@example.com,14-10-2023,USA
351,Dale Davis,emily90@example.com,11-07-2024,France
352,Jerry Turner,gregorytate@example.net,05-03-2025,Germany
353,Lisa Howard,charlotte99@example.com,12-08-2023,UK
354,Maria Hayes,hnguyen@example.net,03-02-2025,Canada
355,Raymond Anderson,uolsen@example.com,17-01-2024,Germany
356,Stephen Gill,gfarley@example.net,16-04-2024,India
357,Pamela Calderon,uramos@example.org,25-12-2023,France
360,Hailey Mills,castillobilly@example.net,29-05-2024,USA
361,Taylor Martin,jesse95@example.net,20-05-2024,Japan
362,David Ward,uharvey@example.org,15-07-2024,France
363,Megan Rice,pharding@example.org,19-11-2024,UK
364,Bradley Kramer,david60@example.com,03-10-2023,UK
365,Nicholas Larson,nicole17@example.net,26-06-2023,France
366,Brianna Potts,qallen@example.net,21-11-2024,Japan
368,Richard Sharp,williamsjudith@example.org,31-12-2024,UK
370,Michael Clark,kimberly79@example.org,27-03-2025,France
371,Tracy Reed,wjones@example.org,23-10-2023,France
372,Raymond Pearson PhD,diazjessica@example.org,28-01-2025,France
373,Erin Richards,katherinecollins@example.com,24-03-2025,Canada
374,Charles Thompson,longangela@example.net,16-02-2024,Canada
376,Lori Stewart,marcus28@example.org,19-03-2025,Germany
377,Jessica Dodson,joshuaavila@example.org,14-07-2023,Canada
379,Juan White,dcardenas@example.org,03-03-2025,India
380,Michelle Gutierrez,erica40@example.com,21-08-2024,USA
381,David Ramos,garciamatthew@example.com,30-10-2023,Germany
382,Jerry Silva,bryantony@example.net,12-02-2024,USA
383,Loretta Weiss,cassie94@example.net,23-10-2023,Japan
384,Michelle Miller MD,aaron96@example.net,04-05-2024,UK
385,Tiffany Ramos,thurst@example.org,09-08-2024,USA
386,Cindy Foster,terrisantiago@example.com,09-11-2024,USA
387,Marcus Ritter,vincentrichard@example.com,03-12-2024,Germany
388,Heather Wilson,michael18@example.com,07-02-2025,USA
389,Patrick Sandoval,everettolivia@example.com,07-03-2025,France
390,Savannah Williams,elizabethmayer@example.net,16-11-2024,India
391,Daniel Wheeler,angelyoung@example.org,29-07-2023,Japan
392,Joanna Vasquez,hramirez@example.org,23-03-2024,USA
393,David Warren,lisa26@example.net,25-02-2024,Canada
394,Stephen Vazquez,lauralopez@example.com,17-12-2024,Japan
396,Alyssa Robertson,patriciazimmerman@example.net,13-09-2023,India
397,Joshua Cole,vancebeth@example.org,22-11-2024,Germany
398,Robert Meyer,dpierce@example.com,09-01-2025,Germany
399,Robert Lynch,reyesleslie@example.com,24-11-2023,USA
400,Joseph Anderson,williamstimothy@example.com,09-05-2025,Canada
401,Megan Weeks,okane@example.net,15-09-2023,India
404,Taylor White,mikewallace@example.com,09-06-2025,USA
405,Janet Ruiz,charles09@example.net,21-05-2024,Germany
406,Tina Walter,hperez@example.com,18-09-2024,Japan
409,Melissa Cline,randy18@example.org,10-06-2024,France
410,Joseph Harper,wardhayley@example.org,29-10-2023,Germany
411,Melanie Huffman,greenrobert@example.com,06-07-2024,UK
412,Aaron Henry,robertbennett@example.org,13-06-2024,Germany
413,Anthony Ortega,jamienelson@example.com,21-03-2024,Germany
414,Nathaniel Gonzalez,ujohnson@example.net,26-06-2024,India
415,Kevin Haynes,davismichelle@example.com,29-11-2023,UK
416,Michael Hernandez,perrymichael@example.com,14-02-2024,Japan
418,Dr. Andre Le,cindycollins@example.com,02-07-2024,Japan
419,Carrie Mcmillan,gwells@example.org,21-12-2024,UK
420,Nathaniel Smith,russellaustin@example.org,23-08-2024,USA
423,Nancy Cunningham,fsnyder@example.net,20-08-2023,UK
424,Kenneth Taylor,anthony09@example.org,19-12-2023,UK
426,Tara Ramirez,bobbywilson@example.net,25-08-2023,Canada
427,Nicole Miller,hillnatasha@example.net,09-12-2023,Germany
428,Dalton Murray,edwardolsen@example.com,07-11-2024,France
429,Bruce Cooper,efisher@example.com,03-07-2023,Canada
431,Alex Rush,arobinson@example.com,17-05-2024,USA
432,Ryan Santana,vprice@example.com,08-04-2025,France
433,Andrew Carpenter,fbishop@example.org,08-06-2024,Japan
435,Jason Adams,amywaters@example.net,28-08-2024,Canada
436,Brenda Alexander,atucker@example.org,16-03-2025,France
437,Richard Madden,lnelson@example.org,17-06-2023,UK
438,Steven Conrad,anthony83@example.net,18-11-2023,USA
439,Kimberly Calderon,ryan30@example.net,06-02-2025,Germany
440,Joan Gonzales,cassandramccall@example.com,10-10-2023,India
441,Ashley Harrington,pjacobs@example.org,25-09-2024,France
443,William Ponce,jamesthomas@example.com,26-02-2025,USA
445,Patricia Hood DVM,sdavis@example.net,23-08-2024,Japan
446,Joshua Navarro,william55@example.com,06-04-2024,UK
447,Andrew Ross,ryanrush@example.com,11-07-2023,UK
448,Teresa Robertson,cortezjohn@example.net,05-05-2025,USA
449,Nicole Murphy,gregoryhopkins@example.com,07-09-2024,Japan
452,Adam Johnson,jill77@example.org,08-12-2023,USA
454,Samuel Moore,bhicks@example.net,10-09-2024,France
455,Beth Jimenez,lawrence94@example.org,02-08-2024,Japan
456,Michelle Garcia,isolomon@example.net,31-10-2024,France
457,Jeffrey Molina,christina81@example.com,20-09-2024,India
458,Abigail Hanson,elizabethlucas@example.com,15-06-2023,USA
460,Bethany Thompson,velazquezjamie@example.net,02-02-2024,France
461,Tara Brennan,austinwatkins@example.org,14-01-2024,India
462,Jeffrey Campos,dustin00@example.org,21-01-2024,France
463,Brianna Munoz,theresafox@example.org,11-10-2023,Canada
466,Justin Miller,emily84@example.com,03-03-2025,Canada
467,Amy Harrison,aowens@example.org,23-09-2023,Canada
468,Mary Kaiser,brendamontoya@example.com,31-01-2025,Germany
469,Kimberly Robinson,davidvilla@example.com,18-01-2024,USA
471,John Wang,zrichardson@example.com,04-05-2024,France
472,Christopher Lewis,larsonmark@example.com,28-05-2024,Japan
473,James Smith,rebecca52@example.com,07-07-2024,UK
475,Steven Roberts,maddenanita@example.org,13-01-2024,India
476,Emily Bradford,christiegallegos@example.org,23-04-2025,France
480,Lisa Daniels,erin09@example.net,18-02-2025,USA
482,Daniel Smith,rhodestimothy@example.net,06-12-2023,USA
483,Jennifer White,ftaylor@example.com,28-08-2024,India
486,Michaela Simmons,james84@example.net,13-07-2023,USA
487,Bryan Turner,matthewbrown@example.net,27-07-2023,UK
488,Joshua Bowers,csmith@example.net,24-12-2024,UK
489,Julian Garcia,jaycombs@example.com,17-07-2023,India
494,Karl Bennett,shanemaldonado@example.com,02-05-2024,France
495,Erin Hall,ryanmoore@example.com,01-06-2025,India
496,Clifford Anderson,oyoung@example.org,31-05-2025,Germany
497,Janice Clark,shannonwilliams@example.net,13-04-2024,USA
498,Mark Moore,kathleenfox@example.com,25-08-2023,Germany
499,Marcus Carlson,castromegan@example.net,17-09-2024,Germany
500,Candice Hall,melissadickerson@example.com,13-05-2024,Japan
501,Ethan Guerra,jonescorey@example.com,13-03-2024,Japan
502,Sierra Thompson,smithscott@example.net,19-10-2024,UK
505,Jessica Jacobs,mistymurphy@example.org,05-06-2024,Germany
506,Crystal Snyder,johnfoster@example.com,10-03-2024,Canada
507,Michael Mullen,ccruz@example.com,24-11-2024,India
508,Amy Price,michelle42@example.net,15-11-2024,Germany
510,Travis Young,kblack@example.net,14-12-2023,Germany
511,William Montoya,marshalljeffrey@example.org,21-06-2023,India
512,Michael Villegas,xsmith@example.com,04-05-2024,Japan
513,Carl Brewer,karenbridges@example.net,02-05-2024,UK
516,Pamela Black,pchavez@example.com,23-06-2023,Japan
517,Jeremy Blake,peggywalker@example.org,02-09-2024,Canada
519,Robin Green,lhamilton@example.com,26-05-2024,Germany
520,Robert Harris,brent08@example.net,19-09-2024,Japan
521,Monica Boyd,danielle80@example.net,14-08-2024,Germany
523,Abigail Horne,cherylbell@example.org,12-12-2023,Japan
524,Debra Barber,mary67@example.org,23-09-2024,USA
525,Timothy Smith,benjamin35@example.org,29-11-2023,India
527,Jennifer Hall,richardjohnson@example.net,02-06-2025,USA
528,Elizabeth Cochran,debra88@example.org,06-11-2023,USA
530,Paige Conner,austinlauren@example.com,14-03-2025,USA
533,Samantha Holland,amanda10@example.org,23-08-2023,France
534,Tyler Navarro,edwardellis@example.net,28-01-2024,Germany
536,John Richards,zachary66@example.net,26-10-2023,Canada
538,Steven Dyer,marissa21@example.net,23-11-2024,India
539,Mr. Paul Davidson,brandonelliott@example.net,10-11-2023,UK
540,Harry Carrillo,uperkins@example.net,29-05-2024,France
541,Sandra Morris,william22@example.com,03-03-2025,France
542,Holly Barnett,clementsbenjamin@example.org,25-11-2023,USA
545,Christine Rangel,christine79@example.org,16-08-2024,France
546,Susan Knapp,robin35@example.org,13-09-2024,UK
547,Shawn Harvey,deantrevor@example.org,24-04-2024,Canada
548,Christopher Smith,pwilkinson@example.org,06-08-2024,France
549,Jared Petersen,yhenry@example.net,18-02-2025,India
550,Holly Alexander,rking@example.net,20-06-2023,Japan
552,Kelly Morales,buchanananthony@example.com,25-06-2023,Canada
555,Justin Sanders,farmstrong@example.com,14-12-2023,India
556,Robert Torres,icook@example.com,17-05-2025,USA
557,Mrs. Amber Poole,roberttrujillo@example.com,14-08-2023,Germany
560,Monica Duncan,heather31@example.net,13-01-2025,UK
562,Todd Brown,richardsamanda@example.com,13-10-2024,USA
563,Jose Jimenez,tali@example.com,01-02-2025,Germany
565,David Hamilton,smithdavid@example.net,02-10-2023,Germany
566,Harold Johnson,cmiller@example.org,03-03-2025,India
567,Sandra Stone,wadelynn@example.com,21-09-2024,UK
568,Shelley Harrell,johnsonrobert@example.org,26-11-2024,Japan
569,Harry Wheeler,hughesjacqueline@example.org,19-07-2023,USA
570,Jason Brown,alyssa74@example.net,18-02-2025,Germany
571,Bonnie Melton,smithjonathon@example.com,10-07-2023,Canada
572,Nicholas Ochoa,reyesmelissa@example.org,14-01-2025,UK
574,Joseph Parker,wellsjessica@example.net,10-12-2024,Japan
576,Katherine Vasquez,markrodgers@example.net,14-03-2025,France
577,Jennifer Rogers,butlerlisa@example.com,24-07-2023,USA
578,Jesse Washington,jacksonpatrick@example.com,27-04-2025,Germany
579,Natalie Palmer,janet41@example.org,21-04-2024,Germany
580,Brandon Garrett,joshuayoung@example.com,17-04-2025,UK
581,Nicole Singleton,johnsondiane@example.com,15-07-2024,Japan
582,Jennifer Palmer,josephsean@example.com,25-02-2025,India
584,Veronica Smith,fwilliams@example.org,20-03-2024,USA
585,Lisa Griffith,wespinoza@example.com,09-12-2024,Germany
586,Hayley Howard,vanessa78@example.net,31-03-2024,USA
587,Cynthia Ramos,elizabeth77@example.com,12-02-2025,Canada
588,Mark Scott,danielle53@example.net,23-10-2023,Germany
589,Tara Mcdonald,srodriguez@example.com,15-04-2024,Germany
591,Pamela Osborne,lcabrera@example.net,14-01-2024,India
592,Phillip Conley,smithsamantha@example.net,08-02-2024,USA
593,Shelby Dixon,yortiz@example.com,12-02-2025,Canada
594,Michael Ramirez,gonzalezchristy@example.org,03-09-2023,Japan
596,Dylan Welch,kristyacosta@example.com,16-04-2025,Canada
597,Matthew Wilson,brandonvalencia@example.org,15-11-2023,USA
598,Trevor Perez,jeffrey74@example.net,13-02-2024,India
599,Nathan Robinson,archermichael@example.net,03-10-2024,Germany
600,Beverly Washington,nicholaswells@example.org,02-04-2024,USA
602,Erik Gregory,matthew67@example.org,06-09-2024,Germany
603,Thomas Bennett,ryanmaria@example.com,06-08-2023,UK
604,Miss Kimberly Patterson,ericamoody@example.com,05-02-2025,France
605,Beverly Hunt,colontracy@example.net,03-08-2024,UK
607,Brad Gilmore,walkerrachel@example.com,22-04-2024,India
608,Alexander Gonzalez,gabriel40@example.org,11-05-2024,India
610,Miranda Stout,melinda33@example.com,23-09-2024,France
611,Gabriel Thomas,stephaniemoyer@example.com,28-06-2024,India
613,Ryan Martin,brownhailey@example.org,30-11-2023,USA
616,Kyle Wright,vturner@example.net,25-09-2024,USA
617,Steven Ford,qwilliams@example.net,04-07-2024,India
618,Jasmine Hamilton,cheyenne81@example.org,08-06-2024,India
619,Megan Ramos,matthew91@example.net,07-08-2023,Germany
620,Kristen Bridges,leonardmartinez@example.com,19-02-2024,India
622,Micheal Fleming,heather85@example.net,21-08-2024,India
623,Jesse Walker,amandasalinas@example.com,20-01-2024,Germany
624,Luis Reed,vanessajennings@example.com,21-01-2024,Germany
625,Heather Farrell,ashleycastro@example.com,04-08-2023,Japan
626,Rebecca Lopez,williamscurtis@example.net,09-11-2023,Japan
628,Barbara Giles,plee@example.net,16-01-2024,Germany
629,Richard Santiago,bautistajamie@example.net,23-06-2023,Germany
630,Colton Merritt,barry44@example.net,26-07-2023,India
631,Larry Williams,dennis61@example.org,18-10-2023,India
632,Melissa Mendez,tammynelson@example.org,21-07-2024,Canada
633,Hayden Russell,christophersmith@example.com,16-05-2025,UK
637,Andrea Glover,garrettramirez@example.com,22-01-2024,India
639,Brandon Murray,dunnmelissa@example.com,25-02-2024,Japan
641,Manuel May,amber70@example.com,19-07-2023,Japan
643,Stephen Orozco,amandaholt@example.net,05-04-2025,Germany
644,Caitlin Anderson,susan02@example.net,15-11-2023,UK
645,Michael Moore,john49@example.net,03-08-2023,Japan
646,Donald Washington,turnermorgan@example.com,01-11-2023,Japan
648,Robert Hughes,cwoods@example.net,10-10-2023,India
651,Nicholas Smith,uwilliams@example.net,22-04-2024,Canada
652,Elizabeth Lewis,chelseacarroll@example.com,13-02-2024,Japan
653,David Peters,leah08@example.org,12-05-2025,USA
654,Dorothy Little,brownjulian@example.net,05-01-2025,India
655,Jill Freeman,qsmith@example.com,16-12-2023,Canada
656,Robert Rivers,smiller@example.com,03-07-2024,France
657,Christopher Bailey,christopher73@example.org,20-01-2024,Canada
658,Elizabeth Wright,baileyleonard@example.com,09-05-2024,France
661,Tricia Phillips,richardsmith@example.org,09-05-2024,UK
662,Paula Nguyen,scottsharp@example.com,09-04-2025,Japan
663,Adam Chen,stevensanders@example.net,16-12-2023,Canada
664,Miguel Gregory,michael17@example.org,19-10-2023,UK
666,Kathryn Stevens,estradamelissa@example.org,18-01-2025,France
667,Logan Stein,zachary32@example.com,31-10-2023,France
669,Angela Campbell,lauren45@example.net,03-10-2023,Canada
670,Joshua Henry,raymond86@example.com,28-01-2024,USA
671,Calvin Zhang,laura14@example.com,09-06-2025,Japan
673,Brian Clarke,butlersabrina@example.org,28-12-2024,USA
674,Rebekah Bradley,james73@example.org,22-05-2025,Germany
676,Jennifer Salinas,ann57@example.org,28-06-2024,Canada
677,Robert Peters,gutierrezmelvin@example.net,18-11-2024,Japan
678,Christine Bush,courtney13@example.org,28-01-2025,France
679,Kristin Padilla DVM,colekaren@example.com,29-07-2024,USA
680,Mason Russell,akramer@example.net,26-08-2023,UK
681,Kristin Sanchez,arodriguez@example.org,22-08-2024,Japan
683,Alexander Walker,jasmine59@example.org,26-12-2023,Germany
684,Gloria Harris,cherylmorales@example.com,28-09-2023,USA
685,Michael Hubbard,christopher60@example.com,28-11-2024,Canada
686,Veronica Kramer,ruizmatthew@example.com,26-02-2025,Canada
688,Jon Sutton,simmonsnicholas@example.com,01-09-2023,USA
689,Walter Burke,taylorjennifer@example.com,16-12-2024,Japan
691,Ryan Wright,heather16@example.net,14-06-2023,France
695,Michele Warren,philip28@example.org,10-06-2024,UK
696,Jennifer Marshall,scottparker@example.org,10-02-2025,Germany
697,Christopher Ayers,lisathompson@example.net,01-10-2024,France
698,Timothy Clay,jonathanscott@example.net,20-09-2024,Germany
699,John Newman,blackcorey@example.com,11-04-2025,Canada
700,William Lester,jonesashley@example.org,11-11-2023,Germany
702,Alicia Allen,kristine16@example.org,07-08-2023,France
703,Sandra Smith,kevinrichards@example.com,23-05-2024,India
704,Brenda Garcia,owensjason@example.net,20-04-2024,USA
705,Darryl Morales,imartin@example.org,01-07-2023,USA
706,James Johnston,tricia24@example.net,17-11-2024,Japan
708,Karen Payne,ysanchez@example.net,02-10-2023,Canada
709,Shannon Brown,dwaynemills@example.net,16-08-2024,India
710,Jerry Gardner,sanchezjamie@example.net,25-03-2025,UK
711,April Harris,whitedonna@example.net,06-06-2024,USA
713,Rachel Smith,kdixon@example.org,12-05-2025,USA
714,Vincent Cruz,ghendrix@example.net,21-08-2023,UK
715,Diamond Hill DVM,rwagner@example.net,09-09-2023,UK
716,Carlos Hunter,fsolis@example.net,28-06-2024,Germany
717,Christopher Johnson,nroberts@example.net,21-06-2023,India
718,Jennifer Johnson,adrienne02@example.com,24-10-2023,India
719,Sierra Davis,ronaldmills@example.net,09-07-2023,Canada
720,Justin Osborn,thomas77@example.com,20-05-2025,India
721,Colleen Donaldson,amy56@example.net,29-09-2024,Japan
723,Karl Contreras,hflores@example.org,18-05-2024,Japan
724,Katrina Hill,albertsilva@example.com,22-01-2025,USA
726,Brandon Walker,bentleyteresa@example.org,13-05-2024,Canada
727,Wendy Rios,samantha02@example.com,25-12-2023,UK
728,Johnathan Mckay,kellyemily@example.com,26-11-2023,USA
729,Thomas Abbott,markmills@example.org,29-01-2025,India
730,Travis Garcia,jalexander@example.com,21-12-2023,UK
731,Beverly Walker,lewisemily@example.org,11-05-2025,UK
733,Darlene Moran,ronald46@example.org,20-08-2024,Canada
734,Jordan Myers,martinezrichard@example.net,08-03-2024,France
735,Thomas Graves,dgarcia@example.com,29-04-2024,Japan
736,Shannon Bailey,rperez@example.net,16-06-2024,India
737,Tiffany Hooper,vwaters@example.org,06-02-2024,USA
739,Pamela Washington,robin64@example.com,22-05-2025,Germany
740,Mary Casey,murphyamy@example.net,30-10-2024,France
744,Johnny Cole,connieschaefer@example.org,20-09-2023,Germany
745,Daniel Jones,darius48@example.net,27-10-2024,France
747,Jose Lopez,allison49@example.org,21-12-2024,UK
748,Maria Crosby,wmurray@example.net,18-05-2025,Japan
749,Shawn Murphy,bgriffith@example.net,22-11-2023,Japan
750,Matthew Potter,austinknox@example.net,20-11-2023,Germany
751,Christopher Curry,rsharp@example.net,23-01-2025,France
754,James Gross,charles91@example.net,29-04-2024,Canada
756,Thomas Odonnell,dcohen@example.com,31-12-2023,USA
757,Victoria Dominguez,william67@example.net,18-11-2024,Japan
759,David Thomas,linda79@example.net,15-04-2024,Canada
760,Amy Wiley,montgomerycody@example.org,15-03-2024,UK
762,Jacob Park,brockmichelle@example.org,13-06-2024,India
764,Jillian Harrison,anthony86@example.net,24-03-2024,France
767,Marcus Hebert,ashleywilliams@example.org,28-12-2023,France
768,Justin Kerr,howardjoel@example.net,16-01-2025,India
769,Richard Mann,elijahquinn@example.org,10-06-2025,Germany
771,Shawn Mcmahon,rbrock@example.com,12-05-2024,USA
772,Mr. Gerald Franco,phuang@example.com,25-03-2024,USA
773,Matthew Nixon,susanroberson@example.com,14-12-2024,Canada
774,Mr. Andrew Carr Jr.,rnash@example.com,04-04-2024,Germany
775,Mariah Brandt,codycastro@example.com,06-11-2023,Germany
776,Heather Sanchez,ghenry@example.org,01-08-2024,USA
777,Penny Brown,dbartlett@example.com,03-08-2023,UK
779,Monica Barnett,clarkelizabeth@example.com,14-12-2024,India
780,Julie Anderson,christinagilbert@example.org,30-08-2024,Japan
782,Sarah Figueroa,lancewilliamson@example.net,14-02-2024,Japan
783,Mario Sweeney,gregdalton@example.com,07-11-2024,France
784,Victoria Liu,rhale@example.net,06-09-2024,France
785,Renee Glass,peggy25@example.net,25-07-2024,Canada
786,Julie Evans,thomaswells@example.com,18-01-2025,USA
787,Anita Jennings,allenwagner@example.com,28-03-2024,India
788,Katelyn Reyes,lisa92@example.com,30-08-2023,USA
789,Kelli Smith,george71@example.com,26-02-2025,India
790,Marcus Walker,joseph74@example.org,21-10-2024,France
791,Taylor Thompson,victoria10@example.org,05-01-2025,Japan
792,Benjamin Johnson,cvasquez@example.com,23-08-2023,France
796,Edward Berry,mrandall@example.net,06-03-2024,USA
797,John Elliott,gsimon@example.org,06-10-2023,Japan
799,Luis Hooper,ricardo12@example.com,14-09-2023,Germany
800,Kevin Gomez,robert39@example.com,20-11-2023,Germany
801,Carla Martinez,laramichelle@example.org,16-02-2025,France
803,Debra Clark MD,cynthia25@example.org,20-11-2024,Japan
804,Carl Pham,ashley93@example.org,03-08-2024,Japan
805,Teresa Atkinson,james59@example.com,17-04-2025,France
806,Rachel Smith,dhill@example.com,17-10-2024,France
807,Bobby Warner,millerjennifer@example.net,02-01-2025,Japan
808,William Mcclain,mannaustin@example.com,14-02-2024,UK
809,Zachary Bush,villarrealandrew@example.org,19-02-2024,Canada
811,Thomas Walker,ncraig@example.com,20-02-2025,USA
815,Robert Hall,rodrigueztommy@example.com,20-11-2023,France
816,Erika Larson,heidi75@example.net,02-07-2024,India
818,Peter Juarez,turneradam@example.net,19-09-2024,USA
819,Holly Collins,isabellariley@example.org,27-05-2025,France
820,William Ramirez,haleymoore@example.org,09-04-2025,France
823,Kelly Mills,janemoore@example.net,17-09-2024,France
825,Brad King,jchambers@example.org,09-03-2025,UK
826,Jacob Ramirez,mcervantes@example.com,01-05-2024,Canada
827,Theresa Medina,maciasrichard@example.net,02-07-2024,Japan
828,Breanna Aguilar,maxwell69@example.org,14-04-2024,Japan
829,Douglas Duncan,goodwinchad@example.org,16-09-2024,France
830,Susan Frost,kennedydorothy@example.net,30-11-2024,USA
831,Ann Wilson,rhaney@example.org,29-03-2025,France
833,Nicholas Graham,troycampbell@example.org,30-07-2024,India
834,Jeremy Keller,sally01@example.org,07-09-2024,Canada
835,Melanie Briggs,jadams@example.com,27-08-2023,USA
837,Jacqueline Figueroa,xrodriguez@example.com,15-11-2023,India
841,Erin Mccarthy,ecantu@example.com,11-04-2025,UK
843,Theresa Reeves,patriciaford@example.org,10-01-2025,Germany
844,Mr. Michael Combs MD,gbaldwin@example.net,14-06-2023,Japan
845,Dana Kirk,virginiawood@example.org,06-04-2025,UK
847,Julie Wolfe,sandra13@example.net,02-06-2025,UK
848,Corey Shepard,benjamin10@example.org,27-09-2023,USA
849,Susan Young,lindsay66@example.net,21-03-2024,France
851,Carolyn Bowman,randyfreeman@example.net,01-08-2023,USA
852,Alison Delacruz,kelli09@example.com,27-10-2024,Japan
856,Marissa Cox,bryanlee@example.org,22-04-2024,France
857,Molly Burnett,maria89@example.com,11-03-2025,France
858,Nicholas Palmer,robertsamy@example.com,14-04-2024,UK
860,Brad Jimenez,nicholas91@example.com,25-05-2025,Japan
862,Amy Kemp,hdickson@example.org,14-01-2025,France
863,Jennifer Ramirez,robertsonjustin@example.net,05-02-2025,India
865,Juan Cisneros,laura50@example.org,11-06-2025,India
866,Daniel Green,cmyers@example.org,18-01-2025,USA
867,Kendra Clark,antoniohughes@example.com,24-07-2024,UK
868,Jonathan Wong,jonesdanielle@example.com,13-07-2023,Japan
870,Michael Jackson,sgarza@example.com,10-02-2024,Germany
873,Kayla Torres,zdoyle@example.com,18-04-2025,USA
874,Sarah Ruiz,gonzalezbrittany@example.org,07-11-2024,India
875,Christine Chung,zacharyedwards@example.org,30-01-2025,USA
876,Lisa Underwood,ewells@example.net,28-04-2025,Germany
877,Lisa Smith,dherrera@example.com,19-12-2023,Canada
878,Thomas Miles,tranjane@example.com,06-01-2024,France
880,Jennifer Oconnell,parrishpenny@example.org,06-05-2025,UK
882,Amy Young,garciajeffery@example.net,19-08-2023,Germany
883,Brent Garcia,wbates@example.org,27-02-2025,Germany
884,Carlos Barnett,gmatthews@example.com,11-10-2023,India
886,Timothy Lam,vincent09@example.net,27-01-2024,UK
887,Shannon Odonnell,riverabenjamin@example.org,07-04-2025,USA
888,Cathy Stone,ritterkimberly@example.com,23-03-2025,Japan
889,Megan Johnson,carla04@example.com,31-10-2024,Germany
890,Andrew Simpson,jeffreyhayes@example.com,04-09-2023,India
892,Ann Vasquez,hilljason@example.org,26-12-2023,USA
893,Tracy Mcdonald,brendasimmons@example.org,24-05-2025,Germany
896,James Bishop,erinorozco@example.org,29-06-2024,Canada
898,William Smith,baileydavid@example.net,23-08-2024,UK
899,Robert Medina,egarcia@example.com,15-07-2024,Japan
901,Nicole Perez,ashley44@example.org,23-06-2023,France
903,Carrie Conley,ravenwilliams@example.org,09-09-2024,UK
904,Courtney Wilson,reynoldsmarcus@example.net,09-09-2024,India
906,Denise Acevedo,jenniferburns@example.org,26-10-2024,Canada
907,David Lucas,daynicholas@example.com,11-10-2024,France
909,Denise Mckenzie,janice56@example.org,03-05-2025,France
910,Michele Walker,kevin65@example.net,04-05-2025,Canada
911,Eric Garcia,tcarson@example.org,01-06-2024,India
912,Alexander Curtis,susan86@example.com,26-04-2024,USA
913,Melinda Fox,tracyharper@example.org,10-05-2024,India
914,John Mueller,andreahanson@example.net,23-12-2024,Canada
915,Carlos Lee,christineporter@example.net,14-06-2024,Germany
916,David Collins,smalone@example.com,16-07-2023,Canada
917,Michael Coleman MD,joshuacallahan@example.com,23-03-2024,USA
919,Megan Pace,kevinwolf@example.com,16-07-2023,USA
920,Pamela Sanchez,gsmith@example.org,26-11-2024,UK
922,Damon Oliver,sjuarez@example.org,12-11-2024,France
923,Alexander Williams,kjohnson@example.com,31-07-2023,France
925,Mary Mendoza,fmyers@example.net,03-07-2024,Japan
927,Daniel Zimmerman,martinezcheryl@example.com,16-06-2023,France
928,Stephen Bean,brendacunningham@example.com,12-06-2023,Canada
930,Robert Erickson,ccastillo@example.net,29-02-2024,India
934,Scott Hernandez,randallwilson@example.org,04-08-2024,UK
935,Steven Matthews,sarah39@example.com,18-10-2024,India
936,James Carter,nicole11@example.org,13-07-2024,Canada
937,Howard Jackson,diazdenise@example.net,03-08-2023,Japan
939,Andrew Williams,josephcruz@example.org,03-01-2025,India
942,Nathaniel Yang,lisachen@example.com,17-05-2025,France
943,Donald Garcia,colin29@example.net,03-09-2023,Japan
944,Mark Smith,michael16@example.com,03-09-2023,USA
945,Cheryl Montes,albert25@example.org,23-05-2024,India
947,Tabitha Lee,cody31@example.org,09-05-2024,France
948,Nathan Wong,hayleyalexander@example.net,04-05-2024,UK
950,Rachael Cunningham,navarrotroy@example.net,29-05-2025,UK
951,Amanda Walker,dawn58@example.com,18-09-2023,USA
952,Jonathan Espinoza MD,adam70@example.net,16-12-2024,UK
953,Nathan Russell,ujohnson@example.org,25-10-2023,Germany
954,Alexandra Williams,santosgary@example.com,09-01-2025,Canada
955,Dominique Nolan MD,melissajohnson@example.net,30-03-2024,India
957,Charles Hamilton,ymacdonald@example.org,24-06-2024,Germany
959,Brett Baker,fryesara@example.org,03-04-2024,Japan
961,Kimberly Spencer,clarkjennifer@example.org,10-09-2023,USA
962,Ryan Rodriguez,nealdale@example.com,30-07-2023,India
963,Scott Burton,cgraham@example.net,06-08-2023,USA
964,Jessica Thomas,charlesramirez@example.org,11-01-2024,UK
966,Jennifer Yu,bsantos@example.net,27-11-2024,USA
968,Ashley Hamilton,urivera@example.com,19-10-2023,Canada
969,Kathryn Mcmillan,phillip93@example.org,26-06-2023,USA
970,Dustin Roy,douglasleslie@example.net,30-12-2023,USA
972,Richard Smith,weeksashley@example.com,17-03-2025,USA
973,Paula Dunn,elizabeth98@example.com,28-04-2025,Japan
974,Clayton Fowler,woodsgeorge@example.net,10-01-2025,Germany
975,James Hodges,lesliesmith@example.org,03-02-2024,Japan
976,Jon Davis,kimberlyanderson@example.com,17-08-2024,Japan
977,Charlene Smith,jenniferhoward@example.com,09-10-2024,Germany
978,Elizabeth Gonzalez,jessica33@example.com,01-02-2024,Japan
979,Charles Payne,kellilong@example.net,30-10-2023,Japan
980,Cheryl White,vowens@example.net,04-07-2024,Germany
983,Ashley Garcia,michaelhernandez@example.net,08-01-2025,UK
984,Thomas Lee,hthompson@example.com,29-07-2023,Germany
985,Rachel Thomas,benjaminjones@example.com,25-04-2025,UK
986,Kevin Morris,anthony43@example.net,26-12-2023,Germany
988,Zachary Adams,cassandra73@example.org,30-08-2024,Japan
989,Anthony Riley,kathryn86@example.org,11-02-2024,Japan
991,Steven Smith,nicole05@example.org,27-12-2024,Japan
993,Allison Jones,imiller@example.com,08-01-2024,Japan
995,Douglas Lindsey,woodsmichael@example.com,22-08-2023,UK
996,Cody Martin,lisa05@example.net,27-12-2024,UK
997,Megan Williams,robin21@example.org,06-06-2025,India
998,Dr. Jessica Smith,scott11@example.org,10-06-2025,France
999,Kathryn Mason,plewis@example.com,26-05-2024,Germany
1000,Gabriela Decker,staffordann@example.org,07-07-2023,Germany
