"user_id","name","email","signup_date","country"
1,Kristen Jackson,cynthia82example.net,"2024-11-21",Canada
2,Sandra Smith,brownevan@example.com,"2024-01-06",USA
3,David Gibson,parkererin@example.com,"2025-02-06",Germany
4,Victor Lewis,patricia38@example.org,"2024-04-17",India
5,Marie Cohen,rosekevin@example.net,"2023-09-10",UK
6,Belinda Morgan,hodom@example.net,"2025-04-18",UK
7,Timothy Flores,burkeautumnexample.org,"2024-04-20",Germany
8,Meghan Kennedy,christine91@example.org,"2024-10-24",Japan
9,Brandy Williams,jhoward@example.org,"2024-10-09",India
10,John Walker,ibeckexample.com,"2023-11-02",USA
11,Claudia Patterson,,"2024-07-11",France
12,Mason Hayes,katherine28@example.org,"2024-08-02",France
13,Amy Wilson,gregory00example.org,"2023-08-08",Canada
14,Marc Price,cynthia77@example.net,"2025-05-23",UK
15,Stephen Daugherty,villajohn@example.org,"2025-03-13",India
16,Robert Walker,robertrivera@example.net,"2024-03-26",UK
17,Matthew Davis,HIGGINSJUSTIN@EXAMPLE.ORG,"2023-12-20",Germany
18,Randy Bennett DDS,katiemaxwell@example.com,"2024-06-23",USA
19,Cynthia Moss,hthornton@example.net,"2023-06-16",USA
20,Cindy Richardson DDS,,"2024-09-19",Germany
21,Maxwell Becker,edwardsduane@example.net,"2025-05-15",Japan
22,Yvonne Scott,rbryan@example.org,"2024-01-19",India
23,Mr. Antonio Lee,amandaavila@,"2024-06-29",Japan
24,Timothy Henry,qbowman@example.net,"2023-09-17",India
25,Douglas Miller,MARIAH93@EXAMPLE.ORG,"2023-08-19",UK
26,Amanda Torres,boylesonya@,"2024-07-04",Canada
27,Zachary Miller,timothysmith@example.com,"2024-09-22",Canada
28,Christie Coleman,klopezexample.com,"2025-03-22",France
29,Tony Jacobs,wrodriguezexample.com,"2025-04-12",UK
30,Robert Garcia,,"2023-12-22",Canada
31,Patricia Vasquez,chasekendraexample.net,"2024-01-01",UK
32,Sarah Clark,diazryan@example.com,"2024-09-06",Canada
33,Ryan Lamb,lindseyjosephexample.org,"2024-09-24",Canada
34,Edward Thomas,,"2024-12-19",India
35,James Harris,gbonilla@example.org,"2024-08-17",USA
36,Allison Simpson,richard30@example.net,"2024-09-30",Germany
37,Louis Nixon,,"2025-03-16",Japan
38,Danielle Robinson,sierra87@example.org,"2023-12-03",Japan
39,Marcus Lam,GIBBSMICHAEL@EXAMPLE.COM,"2024-08-07",France
40,James Hall,jennifergreene@example.com,"2024-06-19",Japan
41,Cynthia Joyce,elindsey@example.org,"2024-06-12",France
42,Cody Marquez,morenolindsay@example.org,"2023-10-05",France
43,Heather Henderson,KENNEDYBRIAN@EXAMPLE.NET,"2025-02-11",Canada
44,Ryan Kane,katherine90@example.com,"2024-07-27",UK
45,Sheila Le,DAGUIRRE@EXAMPLE.COM,"2024-03-26",France
46,Barry Stokes,brendathompson@example.net,"2024-01-01",USA
47,Tyler Sweeney,georgepaul@example.org,"2025-01-27",UK
48,Kelly Edwards,davismary@example.org,"2024-05-03",Germany
49,Mark Martin,annecase@example.net,"2025-01-30",France
50,Karen Trevino,KWARNER@EXAMPLE.NET,"2025-01-11",Japan
51,Danielle Holt,matthew69@example.net,"2025-04-24",Germany
52,Terry Romero,samanthadavenport@,"2023-12-23",USA
53,Judith Fisher,ROBERTWOODS@EXAMPLE.NET,"2023-12-01",USA
54,Rebekah Carrillo,JOSEPHBOWERS@EXAMPLE.COM,"2025-05-16",Japan
55,Gregg James,izimmerman@example.org,"2024-04-10",France
56,Tara Perry,jenkinswanda@example.com,"2023-07-01",USA
57,Kevin Snyder,hrogers@example.net,"2025-03-12",UK
58,Jessica Dominguez,icohen@example.com,"2023-06-17",Canada
59,Renee Torres,hernandezbrian@example.net,"2024-02-11",India
60,Kiara Lawrence,,"2023-12-16",Germany
61,Anna Richards,smithdanielle@example.net,"2025-05-21",India
62,Melissa Sharp,garciarick@,"2024-04-13",Germany
63,Danielle Reid,mary77@example.com,"2023-08-09",UK
64,Deborah Johnson,ngarrett@example.org,"2023-06-27",Germany
65,Jessica Burns,,"2024-07-23",India
66,Richard Reyes,HERRERAAMANDA@EXAMPLE.COM,"2025-02-22",Canada
67,Brian Martinez,SULLIVANANITA@EXAMPLE.ORG,"2024-10-19",France
68,Paige Gibson,valerie62@example.com,"2024-01-11",Japan
69,Tony Gallagher PhD,fadams@example.net,"2023-07-15",India
70,Walter Cox,hknight@example.org,"2023-10-28",India
71,Katelyn Hull,jzimmerman@example.com,"2024-06-17",Canada
72,Matthew Hall,markharris@example.com,"2024-02-27",UK
73,Amanda Boyd,jackmoore@example.net,"2025-04-12",UK
74,Thomas Garcia,ywilliams@example.com,"2024-04-08",Germany
75,Leon Green,ishannonexample.com,"2023-07-11",Germany
76,Alyssa Blair,scott71@example.net,"2023-07-15",USA
77,David Malone,CHRISTOPHERCUNNINGHAM@EXAMPLE.COM,"2024-03-14",France
78,Hannah Flynn,dgonzalez@example.net,"2023-11-23",USA
79,Ivan Cisneros,grahamashley@,"2025-01-16",India
80,Diana Rocha,,"2023-08-07",UK
81,Ashley Davis,ZEVANS@EXAMPLE.COM,"2024-01-04",Canada
82,Christopher Hayes,harmstrong@example.net,"2025-05-03",Canada
83,Carlos Hendrix,tinarichmond@example.com,"2023-11-06",India
84,Joshua Gutierrez,johnsoncourtney@example.org,"2025-03-03",Japan
85,Hailey Meadows,andersenbrian@example.com,"2024-03-04",UK
86,Corey Fernandez,mooreruben@example.com,"2024-04-29",France
87,Ashley Rodriguez,brandipineda@,"2024-06-18",Germany
88,Christy Thompson,JAMESWYATT@EXAMPLE.ORG,"2025-01-27",France
89,Rachael Estrada,fforbes@example.org,"2024-06-28",Canada
90,Kevin Potts,rodriguezdebbie@example.com,"2024-12-04",Germany
91,Deborah Lynn,figueroalindsay@,"2024-07-20",Canada
92,Christina Ferguson,carolstark@example.org,"2024-01-31",UK
93,Amy Miller,matthew92@example.com,"2024-01-05",USA
94,Derrick French,BARNESJULIE@EXAMPLE.NET,"2023-08-30",UK
95,Lindsay Jones DVM,rherrera@example.org,"2024-12-10",India
96,Nicholas Montes,nguyenjesse@,"2024-09-06",UK
97,Jason Alexander,chad47@example.com,"2024-02-06",Canada
98,Todd Carpenter,samantha32example.net,"2023-06-16",USA
99,Jeremy Green,,"2024-11-29",Germany
100,Crystal Moore,choisusan@example.org,"2024-11-06",USA
101,Terri Ball,zdavis@example.com,"2023-08-05",UK
102,Jennifer Weeks,KIMBERLY37@EXAMPLE.COM,"2023-07-21",USA
103,Martha Turner,garzakatherine@example.net,"2024-01-30",Germany
104,Jennifer Brown,jcarrollexample.net,"2023-06-13",USA
105,Donna Thompson,john89@,"2024-06-19",Canada
106,James Mcdaniel,michael24example.org,"2024-05-12",India
107,Jonathan Hull,GRAYGAIL@EXAMPLE.ORG,"2025-05-15",Germany
108,Christopher Adams,bobbywilson@example.com,"2025-02-21",Canada
109,Natalie Rose,lereginaldexample.com,"2025-01-22",France
110,Chelsea Wallace,adamsbradley@example.net,"2024-08-02",Japan
111,Mary Rice,briandavis@example.net,"2024-03-27",Germany
112,Elizabeth Black,RHODESJAMIE@EXAMPLE.NET,"2025-04-07",France
113,Michael Meyers,danielcurtisexample.net,"2023-12-01",UK
114,Francisco Smith,shaun16@,"2025-01-25",Japan
115,Grant Powell,theresamccormick@example.net,"2025-04-18",UK
116,Joshua Padilla,colebrett@example.net,"2025-04-02",USA
117,Darrell Williams,johnsonjessica@,"2025-02-02",France
118,Brandi Hudson,ggomez@,"2023-08-17",Germany
119,Ralph Hernandez,myersalexandria@example.com,"2024-12-28",India
120,Kyle Montoya,robertsonrichardexample.net,"2023-12-21",UK
121,Brett Camacho,brownbrenda@example.net,"2025-05-05",UK
122,Autumn Norman,llopez@example.net,"2024-01-06",France
123,Tracy Holt,timothy19example.org,"2024-01-29",France
124,Thomas Lopez,john11@example.net,"2023-12-05",Canada
125,Erin Rosales,dtaylor@example.com,"2023-09-30",France
126,Brooke Dyer,benjamin31@example.com,"2023-09-07",USA
127,Scott Ball,twilliams@example.com,"2025-06-02",UK
128,Sandra White,rebecca25@example.com,"2023-08-23",France
129,Devin Klein,MILLERDANIELLE@EXAMPLE.ORG,"2025-05-25",Germany
130,Tammy Ball,martinelizabeth@,"2024-08-10",France
131,Jamie Gonzalez,ethornton@example.com,"2025-01-20",Japan
132,Bonnie Glenn,margaretflores@example.com,"2023-12-09",Canada
133,Scott Rivera,,"2025-04-17",India
134,Carl Ballard,christopherhernandez@,"2024-10-22",France
135,William Erickson,zanderson@example.com,"2024-09-14",Canada
136,Matthew Mosley,,"2024-05-17",Germany
137,Darlene Jones,parkermegan@example.net,"2025-05-27",USA
138,Jasmine Fox,patriciahull@example.org,"2024-07-27",Germany
139,Kimberly Hall,tcisneros@example.com,"2024-01-29",Japan
140,John Scott,william08@example.org,"2024-07-31",India
141,Jodi Cox,wrubio@example.com,"2025-01-15",France
142,Michael Cowan,cranethomas@example.com,"2024-06-04",Germany
143,Marie Lopez DDS,DEBORAH51@EXAMPLE.COM,"2025-04-23",Japan
144,Barbara Blackburn,HOLLY96@EXAMPLE.NET,"2024-08-29",Canada
145,Carol Hanson,amandamoreno@example.com,"2024-06-11",France
146,Mary Howell,nathanmorrison@example.net,"2025-03-24",Canada
147,Tony Cohen,jleexample.net,"2024-08-16",India
148,Justin Daniels,patrick99@example.com,"2024-09-01",USA
149,Jessica Thompson,alison86@example.org,"2023-10-12",India
150,Gregory Anderson,TMORALES@EXAMPLE.ORG,"2023-08-15",Japan
151,Rhonda Stone,jeremiah29example.net,"2024-10-24",Germany
152,Tyler Fitzpatrick,TPORTER@EXAMPLE.COM,"2025-04-03",USA
153,Steven Miller,chungmelissa@example.com,"2025-03-18",Canada
154,Hannah Johnson,morrisbecky@example.org,"2023-08-11",Japan
155,Kathleen James,bmoore@example.org,"2024-11-10",USA
156,David Bailey,cynthiamonroe@,"2024-01-28",Germany
157,Ryan Reyes,christophergiles@example.org,"2025-05-09",Canada
158,Timothy Smith,bbeasley@example.com,"2024-07-02",Canada
159,Patricia Martin,frankthomas@example.net,"2025-03-19",Japan
160,Jacqueline Joseph,,"2024-12-08",Japan
161,Jonathan Sanchez,cgraham@example.org,"2024-09-02",France
162,Jennifer Miller,sandralaneexample.net,"2023-06-14",India
163,Melvin Rhodes,andrea38@example.org,"2024-07-16",UK
164,Larry Moody,thomasaguirre@example.net,"2025-02-23",USA
165,Jennifer Moses,gonzalezmatthew@example.net,"2025-03-23",Canada
166,Allison Christensen,sonya27@,"2023-08-30",India
167,Victoria Richardson,,"2023-12-25",India
168,Megan Henry,,"2024-10-12",France
169,Lindsay Nelson,yharperexample.org,"2024-05-31",India
170,Holly Snow,ericasparks@example.net,"2024-08-31",USA
171,Kimberly Todd,iknox@example.net,"2024-08-30",UK
172,Catherine Bradley,rachel59@,"2025-02-21",India
173,Stephanie Hale,pramirez@example.org,"2024-05-17",Germany
174,Jose Erickson,grantparker@example.net,"2024-03-24",Germany
175,Sharon Oliver,jean71example.com,"2024-12-13",USA
176,Matthew Baker,howardthomas@example.com,"2024-07-12",France
177,Julie Frazier,michellewood@,"2023-11-22",USA
178,Steven Roberts,lauren36@example.net,"2025-03-28",Canada
179,John Porter,robin95@example.org,"2024-07-15",France
180,Jessica Scott MD,madison33@example.org,"2025-04-09",Germany
181,Ryan Ruiz,biancahenryexample.org,"2024-05-08",Canada
182,William Padilla,,"2023-11-27",Germany
183,Janet Perez,,"2025-02-07",India
184,Gilbert Vega,cochoa@example.net,"2025-05-05",France
185,Robin Boyd,alan10@example.org,"2025-02-14",Japan
186,Gail Wang,jessica14@,"2024-12-10",Japan
187,Vanessa Jackson,christopher79@example.net,"2025-02-23",Japan
188,Daniel Hughes,wjordan@example.org,"2024-07-11",Germany
189,Melanie Sanchez,qadkins@example.org,"2023-11-10",Japan
190,Julie Day,natalieblevins@example.net,"2023-08-05",USA
191,Laura Salazar,riveracory@example.com,"2025-01-24",France
192,Javier Sanchez,colonamandaexample.com,"2024-08-08",Canada
193,Mary Taylor,nicholas40@example.com,"2023-11-24",Germany
194,Matthew Smith,elizabethwatkins@example.net,"2024-07-27",France
195,William Bush,tvasquez@example.net,"2024-01-11",India
196,Jonathan Bryant,schmittthomas@example.org,"2025-05-06",Germany
197,Todd Oconnor,howepeterexample.org,"2025-03-22",Japan
198,Amy Ortiz,CARLROBERTS@EXAMPLE.NET,"2023-08-24",Japan
199,Robert Hall,,"2024-05-17",Canada
200,Devin Duncan,kimberly30@example.net,"2024-10-23",France
201,Cassie Diaz,,"2024-04-12",UK
202,Christina Cowan,,"2025-05-25",UK
203,Kristen White,kevinphillips@example.com,"2025-01-22",Canada
204,Angela Mercado,ralph98@example.org,"2024-01-15",France
205,Pamela Thomas,huntersamuel@example.net,"2023-12-27",Canada
206,Rachel Dixon,jennifer35@example.net,"2024-08-06",Japan
207,Rachael Paul,thomas26@example.com,"2024-03-26",USA
208,Rebecca Hogan,angela08@example.org,"2023-08-15",India
209,Nicole Pope,PETERMUNOZ@EXAMPLE.NET,"2024-10-22",Germany
210,Jacob Anderson,gilljane@example.net,"2023-12-26",India
211,James Hanson,christophermiller@example.com,"2024-11-19",India
212,Jessica Cruz,,"2024-07-28",Japan
213,Casey Carey,alexandra41@example.net,"2025-03-08",France
214,Heather Daugherty,,"2023-08-15",Germany
215,Maria Winters,jeffreyhaley@example.net,"2024-06-03",UK
216,Jeanette Miller,,"2023-12-13",Japan
217,Brandon Allison,rojasrick@example.org,"2024-07-25",India
218,Marie Frost,zjacobs@example.org,"2023-11-10",USA
219,Isabel Sloan MD,moralesalyssa@example.org,"2024-06-13",UK
220,Kimberly Johnson,skramer@example.net,"2023-07-20",France
221,Chelsea Koch,hyoung@,"2024-04-11",Japan
222,Hayley Weber,brendanoble@example.org,"2024-07-23",France
223,Crystal Simon,hurleybrandonexample.net,"2024-11-10",Canada
224,Phillip Kennedy,burkechristopher@example.com,"2024-08-13",Germany
225,Steven White,davidmills@example.net,"2024-07-24",Canada
226,David Collins,janetwoods@example.org,"2024-08-26",France
227,Todd Moore,joelhayesexample.net,"2024-07-11",Canada
228,Wendy Mccall,qvelasquez@example.org,"2024-04-18",Germany
229,Sherry Baker,perryvictoria@example.com,"2023-08-21",UK
230,Stephanie Orozco,kelly75@example.com,"2025-02-20",Japan
231,Patrick Griffin,mary61@,"2024-12-14",Germany
232,David Jones,eric85@example.net,"2024-06-04",Germany
233,Jasmine Powell,xdickerson@example.net,"2024-12-10",USA
234,Rachel Johnson,charles96@example.org,"2023-07-20",Japan
235,Kathy Mccoy,andersonkim@,"2024-09-02",India
236,Christine Fisher,misty13example.org,"2024-12-04",Japan
237,Melvin Williams,tonysimon@example.com,"2024-03-01",USA
238,Marissa Martin,tyler85@example.org,"2023-11-16",Germany
239,Brianna Harris,JOSHUABOWERS@EXAMPLE.ORG,"2024-12-03",France
240,Teresa Bird,donald20@example.com,"2024-04-10",USA
241,Thomas Williamson,sperez@example.org,"2023-10-10",France
242,Christina Alvarez,gholder@example.net,"2024-07-12",UK
243,Ryan Johnson,rmartin@example.org,"2024-11-25",France
244,Emily Dickerson,noah97@example.com,"2024-11-10",UK
245,Caitlin Lee,,"2025-02-25",Canada
246,Bobby Jones,QMARTIN@EXAMPLE.ORG,"2025-01-31",USA
247,Julie Odom,fgray@example.org,"2023-12-09",Japan
248,Amy Mcdowell,kbrown@example.org,"2025-03-18",France
249,Laura Thomas,agonzalez@example.com,"2023-10-23",Japan
250,Kimberly Manning,jamesdiaz@example.org,"2024-12-04",France
251,Kimberly Rojas,william97@example.org,"2024-11-12",UK
252,Susan Juarez,vholland@example.org,"2025-03-24",USA
253,Nicholas Lewis,smithcodyexample.org,"2025-05-10",Canada
254,Jason Kim,mathew39@example.net,"2024-10-17",India
255,David Coleman,veronica42@example.com,"2023-09-03",UK
256,Gregory Ortiz,xdavis@example.com,"2024-11-16",Canada
257,Jacqueline Cantrell,marvinlopez@example.org,"2024-06-13",Canada
258,Travis Camacho,moorekenneth@example.org,"2024-08-11",France
259,Christina Shaw,hayesbrian@example.org,"2025-01-07",Canada
260,Jason Rodriguez,briannabell@example.org,"2024-12-09",USA
261,Sarah Lane,chandlerlatoya@example.net,"2024-11-29",UK
262,Michael Davis,samuel78@example.org,"2024-05-31",Japan
263,Stephen Anderson,hollylowe@example.net,"2024-01-03",France
264,Elizabeth King,hunterbarbara@example.net,"2023-11-16",France
265,Elizabeth Taylor,rachelbrandtexample.com,"2024-05-14",India
266,Lindsay Lopez,courtneygreen@example.net,"2023-06-17",Canada
267,Cindy Howe,smithmelvin@example.org,"2025-02-07",Germany
268,Melvin Davis,eileen79@example.com,"2024-06-23",UK
269,Thomas Lutz,cheryl83@example.com,"2024-08-19",France
270,Troy Moyer,,"2024-04-13",UK
271,Jessica Lawson,ghall@example.com,"2025-02-18",UK
272,April Patterson,mariefuller@example.com,"2024-03-31",USA
273,Heather Shepherd,rangelmark@example.org,"2023-06-18",Germany
274,Jacob Turner,taylorgregory@,"2024-05-13",France
275,Johnathan Gutierrez,APRIL28@EXAMPLE.ORG,"2025-01-08",Germany
276,Kevin Perez,foxdaniel@example.net,"2024-03-28",UK
277,Heidi Travis,efryeexample.net,"2024-02-18",France
278,Peter Jackson,meganbauerexample.com,"2025-04-13",Canada
279,Mr. Albert Wilson,cscott@example.net,"2025-04-30",Japan
280,Eduardo Nguyen,,"2024-03-23",UK
281,Vanessa Cohen,lmiller@example.org,"2024-08-01",India
282,Danielle Jensen,scottclark@example.org,"2023-07-22",UK
283,Ryan Russo,cweber@,"2025-02-11",France
284,Daryl Goodwin,briannatyler@example.net,"2025-03-03",Canada
285,Michael Dean,QROMERO@EXAMPLE.ORG,"2025-05-20",Canada
286,Jason Reed,riceamy@example.com,"2025-03-06",Canada
287,Matthew Gregory,williamhowe@example.org,"2023-06-30",Canada
288,Jennifer Logan,sarah26@example.com,"2024-01-05",UK
289,Jason Thompson,patricia18@example.com,"2023-09-03",Germany
290,Johnny Mclaughlin,xmendozaexample.net,"2023-09-08",France
291,Ricky Brown,JENNIFER83@EXAMPLE.ORG,"2025-02-26",Canada
292,Betty Ramos,ocoleman@example.com,"2023-06-16",UK
293,Hailey Nguyen,,"2023-10-15",Germany
294,Kristen Burch,cynthiaburton@example.com,"2024-05-28",UK
295,Richard Pena,christopherhouston@example.com,"2023-07-12",USA
296,Pamela Evans,danielkeller@example.com,"2023-09-11",India
297,Michaela Kirby,,"2024-09-29",Japan
298,Isabel Lee,uparrish@example.org,"2024-10-26",France
299,Jennifer Wilcox,SANDRAWATSON@EXAMPLE.NET,"2024-07-02",UK
300,Angela Roberts,xthomas@example.net,"2024-06-01",UK
301,Kelsey Pope,vnovak@,"2023-12-11",India
302,Traci Ramirez,jonathanbaker@example.net,"2024-04-14",USA
303,Eric Walsh,ROBIN03@EXAMPLE.ORG,"2025-05-20",Germany
304,Michael Jensen,melissahill@example.com,"2024-07-18",India
305,Raymond Gutierrez,,"2024-03-02",France
306,Donna Sanchez,daughertyalejandro@example.com,"2024-02-27",Canada
307,Amanda Mora,davidthompson@example.org,"2025-05-04",USA
308,Sarah Novak DDS,,"2023-09-15",France
309,Roger Blanchard,quinnwesley@example.com,"2024-03-09",Germany
310,William Hayes,victoria71@example.org,"2023-10-11",Japan
311,Shawn Wright,TORRESKIMBERLY@EXAMPLE.COM,"2024-09-15",Canada
312,Jamie Hurley,lawrencevalerie@,"2024-09-08",India
313,Derek Martin,mortonrachael@,"2023-08-24",India
314,Kristen Perez DDS,michellenelson@example.org,"2024-12-23",Canada
315,Ms. Christina Harris MD,jason17@example.com,"2025-05-16",Canada
316,April Bishop,jennifer66@example.com,"2024-02-26",USA
317,Amber Adams,,"2024-03-20",USA
318,Valerie Olsen,andersonvanessa@example.net,"2025-05-02",Canada
319,Helen Morrison,robin65@,"2023-07-22",India
320,Samantha Sharp,lisa13@example.org,"2024-04-20",Germany
321,Andrew Martinez,haley04@,"2024-11-22",France
322,Cody Taylor,andrew44@example.com,"2023-08-23",Canada
323,Andrew Crawford,allenamandaexample.net,"2024-12-11",Japan
324,Jillian Rodriguez,ryanmitchell@example.org,"2024-02-25",USA
325,Joy Rojas,hgreene@,"2025-02-11",Germany
326,Patrick Mckinney,milessusan@example.com,"2024-07-12",Germany
327,Michael Lopez,williamsantiago@example.net,"2024-02-02",France
328,Lauren Kelley,sarah39@example.org,"2024-07-06",India
329,Jessica Lloyd,lindseyalexander@example.net,"2024-03-27",Germany
330,Melissa Carter,avaughn@example.org,"2024-06-26",Canada
331,Anthony Oconnor,,"2023-06-22",UK
332,Brian Guzman,pinedavictorexample.org,"2025-04-15",USA
333,Patrick Williams,,"2024-11-15",Canada
334,Luis Savage,tatelogan@example.net,"2024-02-01",France
335,Daniel Salinas,barnesmadison@example.com,"2024-03-09",USA
336,George Davis,lburch@example.com,"2024-07-17",USA
337,Deborah Harrington,zachary57@example.com,"2025-03-18",USA
338,Teresa Lewis,dtorres@example.org,"2023-09-08",USA
339,Alexander Moore,phillipsjose@example.org,"2023-11-29",UK
340,Riley Brown,pmiller@example.com,"2023-08-29",Canada
341,Matthew Rivera,harrismichael@example.net,"2024-06-10",India
342,Joshua Hooper,OWATSON@EXAMPLE.NET,"2025-01-11",India
343,Scott Knox,iflynn@,"2025-03-16",India
344,Bonnie Robles,collin97@example.net,"2024-05-18",Germany
345,Charles Brown,jwilliams@example.org,"2023-08-26",USA
346,Tonya Bailey,,"2023-10-14",USA
347,Linda Harvey,,"2024-02-02",Canada
348,Carlos Vasquez,ashleydavenport@,"2024-10-14",Germany
349,Miss Theresa Burton,,"2024-02-12",France
350,Gary Thomas,james89@example.com,"2023-10-14",USA
351,Dale Davis,EMILY90@EXAMPLE.COM,"2024-07-11",France
352,Jerry Turner,gregorytate@example.net,"2025-03-05",Germany
353,Lisa Howard,CHARLOTTE99@EXAMPLE.COM,"2023-08-12",UK
354,Maria Hayes,hnguyen@example.net,"2025-02-03",Canada
355,Raymond Anderson,uolsen@example.com,"2024-01-17",Germany
356,Stephen Gill,gfarley@example.net,"2024-04-16",India
357,Pamela Calderon,uramos@example.org,"2023-12-25",France
358,Carlos Page,wjohnsonexample.com,"2024-05-03",Canada
359,Teresa Flores,hardingnicoleexample.org,"2024-01-22",India
360,Hailey Mills,castillobilly@example.net,"2024-05-29",USA
361,Taylor Martin,jesse95@example.net,"2024-05-20",Japan
362,David Ward,uharvey@example.org,"2024-07-15",France
363,Megan Rice,pharding@example.org,"2024-11-19",UK
364,Bradley Kramer,david60@example.com,"2023-10-03",UK
365,Nicholas Larson,nicole17@example.net,"2023-06-26",France
366,Brianna Potts,qallen@example.net,"2024-11-21",Japan
367,Michael Gibson,martinmary@,"2024-06-29",Germany
368,Richard Sharp,williamsjudith@example.org,"2024-12-31",UK
369,Nancy Ford,james29@,"2024-10-05",India
370,Michael Clark,KIMBERLY79@EXAMPLE.ORG,"2025-03-27",France
371,Tracy Reed,wjones@example.org,"2023-10-23",France
372,Raymond Pearson PhD,DIAZJESSICA@EXAMPLE.ORG,"2025-01-28",France
373,Erin Richards,katherinecollins@example.com,"2025-03-24",Canada
374,Charles Thompson,LONGANGELA@EXAMPLE.NET,"2024-02-16",Canada
375,Kyle Villa,,"2024-07-30",UK
376,Lori Stewart,marcus28@example.org,"2025-03-19",Germany
377,Jessica Dodson,JOSHUAAVILA@EXAMPLE.ORG,"2023-07-14",Canada
378,Shane Mcpherson,brendawilliams@,"2023-11-11",Germany
379,Juan White,dcardenas@example.org,"2025-03-03",India
380,Michelle Gutierrez,ERICA40@EXAMPLE.COM,"2024-08-21",USA
381,David Ramos,garciamatthew@example.com,"2023-10-30",Germany
382,Jerry Silva,BRYANTONY@EXAMPLE.NET,"2024-02-12",USA
383,Loretta Weiss,cassie94@example.net,"2023-10-23",Japan
384,Michelle Miller MD,aaron96@example.net,"2024-05-04",UK
385,Tiffany Ramos,thurst@example.org,"2024-08-09",USA
386,Cindy Foster,terrisantiago@example.com,"2024-11-09",USA
387,Marcus Ritter,vincentrichard@example.com,"2024-12-03",Germany
388,Heather Wilson,MICHAEL18@EXAMPLE.COM,"2025-02-07",USA
389,Patrick Sandoval,everettolivia@example.com,"2025-03-07",France
390,Savannah Williams,elizabethmayer@example.net,"2024-11-16",India
391,Daniel Wheeler,angelyoung@example.org,"2023-07-29",Japan
392,Joanna Vasquez,hramirez@example.org,"2024-03-23",USA
393,David Warren,LISA26@EXAMPLE.NET,"2024-02-25",Canada
394,Stephen Vazquez,LAURALOPEZ@EXAMPLE.COM,"2024-12-17",Japan
395,John Mercer,curtismyers@,"2024-09-29",Japan
396,Alyssa Robertson,patriciazimmerman@example.net,"2023-09-13",India
397,Joshua Cole,vancebeth@example.org,"2024-11-22",Germany
398,Robert Meyer,dpierce@example.com,"2025-01-09",Germany
399,Robert Lynch,REYESLESLIE@EXAMPLE.COM,"2023-11-24",USA
400,Joseph Anderson,williamstimothy@example.com,"2025-05-09",Canada
401,Megan Weeks,okane@example.net,"2023-09-15",India
402,William Bell,,"2024-12-21",Japan
403,Christian Perez,stevenpope@,"2024-10-20",UK
404,Taylor White,MIKEWALLACE@EXAMPLE.COM,"2025-06-09",USA
405,Janet Ruiz,charles09@example.net,"2024-05-21",Germany
406,Tina Walter,HPEREZ@EXAMPLE.COM,"2024-09-18",Japan
407,Andrew Miller,jayhernandez@,"2023-10-16",Canada
408,Sylvia Graham,,"2024-10-04",India
409,Melissa Cline,RANDY18@EXAMPLE.ORG,"2024-06-10",France
410,Joseph Harper,wardhayley@example.org,"2023-10-29",Germany
411,Melanie Huffman,greenrobert@example.com,"2024-07-06",UK
412,Aaron Henry,robertbennett@example.org,"2024-06-13",Germany
413,Anthony Ortega,jamienelson@example.com,"2024-03-21",Germany
414,Nathaniel Gonzalez,ujohnson@example.net,"2024-06-26",India
415,Kevin Haynes,DAVISMICHELLE@EXAMPLE.COM,"2023-11-29",UK
416,Michael Hernandez,perrymichael@example.com,"2024-02-14",Japan
417,Matthew Lyons,,"2025-03-19",Japan
418,Dr. Andre Le,cindycollins@example.com,"2024-07-02",Japan
419,Carrie Mcmillan,gwells@example.org,"2024-12-21",UK
420,Nathaniel Smith,russellaustin@example.org,"2024-08-23",USA
421,Brittany Hughes,antonio87@,"2025-05-30",USA
422,April Bell,,"2024-03-07",Canada
423,Nancy Cunningham,fsnyder@example.net,"2023-08-20",UK
424,Kenneth Taylor,anthony09@example.org,"2023-12-19",UK
425,Mathew Allen,xalexanderexample.net,"2025-02-27",India
426,Tara Ramirez,bobbywilson@example.net,"2023-08-25",Canada
427,Nicole Miller,HILLNATASHA@EXAMPLE.NET,"2023-12-09",Germany
428,Dalton Murray,edwardolsen@example.com,"2024-11-07",France
429,Bruce Cooper,efisher@example.com,"2023-07-03",Canada
430,Tracey Lewis,jason45@,"2023-09-28",USA
431,Alex Rush,arobinson@example.com,"2024-05-17",USA
432,Ryan Santana,vprice@example.com,"2025-04-08",France
433,Andrew Carpenter,fbishop@example.org,"2024-06-08",Japan
434,Sarah Rodriguez,alexa95example.org,"2024-02-09",UK
435,Jason Adams,amywaters@example.net,"2024-08-28",Canada
436,Brenda Alexander,atucker@example.org,"2025-03-16",France
437,Richard Madden,LNELSON@EXAMPLE.ORG,"2023-06-17",UK
438,Steven Conrad,ANTHONY83@EXAMPLE.NET,"2023-11-18",USA
439,Kimberly Calderon,ryan30@example.net,"2025-02-06",Germany
440,Joan Gonzales,cassandramccall@example.com,"2023-10-10",India
441,Ashley Harrington,pjacobs@example.org,"2024-09-25",France
442,Kaitlin Moreno,lauren10@,"2025-01-08",India
443,William Ponce,JAMESTHOMAS@EXAMPLE.COM,"2025-02-26",USA
444,Wendy Fisher,cherylbairdexample.org,"2023-06-17",USA
445,Patricia Hood DVM,SDAVIS@EXAMPLE.NET,"2024-08-23",Japan
446,Joshua Navarro,william55@example.com,"2024-04-06",UK
447,Andrew Ross,ryanrush@example.com,"2023-07-11",UK
448,Teresa Robertson,cortezjohn@example.net,"2025-05-05",USA
449,Nicole Murphy,gregoryhopkins@example.com,"2024-09-07",Japan
450,Rachel Kelly,,"2024-05-28",Canada
451,Megan Oliver,,"2023-11-17",Germany
452,Adam Johnson,jill77@example.org,"2023-12-08",USA
453,Victoria Whitaker,lknapp@,"2024-01-30",UK
454,Samuel Moore,bhicks@example.net,"2024-09-10",France
455,Beth Jimenez,lawrence94@example.org,"2024-08-02",Japan
456,Michelle Garcia,isolomon@example.net,"2024-10-31",France
457,Jeffrey Molina,christina81@example.com,"2024-09-20",India
458,Abigail Hanson,ELIZABETHLUCAS@EXAMPLE.COM,"2023-06-15",USA
459,Mary Sawyer,,"2024-08-11",Canada
460,Bethany Thompson,velazquezjamie@example.net,"2024-02-02",France
461,Tara Brennan,austinwatkins@example.org,"2024-01-14",India
462,Jeffrey Campos,dustin00@example.org,"2024-01-21",France
463,Brianna Munoz,theresafox@example.org,"2023-10-11",Canada
464,Thomas Nelson,,"2024-01-30",Germany
465,Jamie Cohen,,"2023-08-07",UK
466,Justin Miller,emily84@example.com,"2025-03-03",Canada
467,Amy Harrison,aowens@example.org,"2023-09-23",Canada
468,Mary Kaiser,brendamontoya@example.com,"2025-01-31",Germany
469,Kimberly Robinson,davidvilla@example.com,"2024-01-18",USA
470,Brandon Carter,jacoblee@,"2024-01-14",USA
471,John Wang,zrichardson@example.com,"2024-05-04",France
472,Christopher Lewis,larsonmark@example.com,"2024-05-28",Japan
473,James Smith,rebecca52@example.com,"2024-07-07",UK
474,Martin Davis,jonathanpage@,"2023-07-13",France
475,Steven Roberts,MADDENANITA@EXAMPLE.ORG,"2024-01-13",India
476,Emily Bradford,christiegallegos@example.org,"2025-04-23",France
477,Dylan Sims,,"2024-12-04",UK
478,Brandon Taylor,donnacooper@,"2024-03-22",Canada
479,Katherine Larsen,kimberlyhamiltonexample.net,"2023-12-20",Japan
480,Lisa Daniels,erin09@example.net,"2025-02-18",USA
481,Joseph Jordan,scott16@,"2024-02-12",France
482,Daniel Smith,rhodestimothy@example.net,"2023-12-06",USA
483,Jennifer White,FTAYLOR@EXAMPLE.COM,"2024-08-28",India
484,Stephanie Johnson,jessicafreeman@,"2024-04-10",Germany
485,Jim Rodgers,okiddexample.net,"2025-05-13",Canada
486,Michaela Simmons,james84@example.net,"2023-07-13",USA
487,Bryan Turner,MATTHEWBROWN@EXAMPLE.NET,"2023-07-27",UK
488,Joshua Bowers,csmith@example.net,"2024-12-24",UK
489,Julian Garcia,JAYCOMBS@EXAMPLE.COM,"2023-07-17",India
490,Dr. Leonard Harris,jamie00example.com,"2023-08-24",UK
491,Robert Gordon,ishafferexample.com,"2023-10-16",Japan
492,Kim Wiley MD,shawn39@,"2024-09-10",Japan
493,Joseph Thomas,robertaharrisexample.net,"2025-05-03",France
494,Karl Bennett,shanemaldonado@example.com,"2024-05-02",France
495,Erin Hall,ryanmoore@example.com,"2025-06-01",India
496,Clifford Anderson,oyoung@example.org,"2025-05-31",Germany
497,Janice Clark,shannonwilliams@example.net,"2024-04-13",USA
498,Mark Moore,kathleenfox@example.com,"2023-08-25",Germany
499,Marcus Carlson,CASTROMEGAN@EXAMPLE.NET,"2024-09-17",Germany
500,Candice Hall,melissadickerson@example.com,"2024-05-13",Japan
501,Ethan Guerra,jonescorey@example.com,"2024-03-13",Japan
502,Sierra Thompson,smithscott@example.net,"2024-10-19",UK
503,Jacqueline Carter,jessica15example.org,"2024-06-28",UK
504,Michele Kerr,juan04example.net,"2023-10-12",India
505,Jessica Jacobs,mistymurphy@example.org,"2024-06-05",Germany
506,Crystal Snyder,johnfoster@example.com,"2024-03-10",Canada
507,Michael Mullen,ccruz@example.com,"2024-11-24",India
508,Amy Price,michelle42@example.net,"2024-11-15",Germany
509,Alexander Ruiz,oriceexample.net,"2023-12-29",USA
510,Travis Young,kblack@example.net,"2023-12-14",Germany
511,William Montoya,marshalljeffrey@example.org,"2023-06-21",India
512,Michael Villegas,xsmith@example.com,"2024-05-04",Japan
513,Carl Brewer,karenbridges@example.net,"2024-05-02",UK
514,Keith Floyd,allison47@,"2023-12-31",USA
515,Audrey Bailey,michael57@,"2024-07-25",Germany
516,Pamela Black,pchavez@example.com,"2023-06-23",Japan
517,Jeremy Blake,peggywalker@example.org,"2024-09-02",Canada
518,John Pearson,kennethstevens@,"2025-02-24",UK
519,Robin Green,lhamilton@example.com,"2024-05-26",Germany
520,Robert Harris,brent08@example.net,"2024-09-19",Japan
521,Monica Boyd,danielle80@example.net,"2024-08-14",Germany
522,Jane Johnson,davidanderson@,"2025-01-15",Japan
523,Abigail Horne,cherylbell@example.org,"2023-12-12",Japan
524,Debra Barber,mary67@example.org,"2024-09-23",USA
525,Timothy Smith,BENJAMIN35@EXAMPLE.ORG,"2023-11-29",India
526,Catherine Stone,ywilsonexample.org,"2025-05-17",India
527,Jennifer Hall,richardjohnson@example.net,"2025-06-02",USA
528,Elizabeth Cochran,debra88@example.org,"2023-11-06",USA
529,Ricky Woodard,,"2024-10-25",UK
530,Paige Conner,austinlauren@example.com,"2025-03-14",USA
531,Elizabeth Duncan,denise22example.net,"2025-03-15",France
532,Joseph Cummings,,"2024-04-24",Japan
533,Samantha Holland,AMANDA10@EXAMPLE.ORG,"2023-08-23",France
534,Tyler Navarro,edwardellis@example.net,"2024-01-28",Germany
535,John Hamilton,,"2024-02-14",UK
536,John Richards,zachary66@example.net,"2023-10-26",Canada
537,Jason Rodriguez,kevinbrown@,"2024-07-31",India
538,Steven Dyer,marissa21@example.net,"2024-11-23",India
539,Mr. Paul Davidson,brandonelliott@example.net,"2023-11-10",UK
540,Harry Carrillo,uperkins@example.net,"2024-05-29",France
541,Sandra Morris,william22@example.com,"2025-03-03",France
542,Holly Barnett,clementsbenjamin@example.org,"2023-11-25",USA
543,Sean Chavez,garciastephanieexample.com,"2023-11-26",Canada
544,Timothy Ramirez,sgarciaexample.net,"2023-10-08",Germany
545,Christine Rangel,christine79@example.org,"2024-08-16",France
546,Susan Knapp,robin35@example.org,"2024-09-13",UK
547,Shawn Harvey,deantrevor@example.org,"2024-04-24",Canada
548,Christopher Smith,pwilkinson@example.org,"2024-08-06",France
549,Jared Petersen,yhenry@example.net,"2025-02-18",India
550,Holly Alexander,rking@example.net,"2023-06-20",Japan
551,Daniel Daniels,,"2024-03-14",UK
552,Kelly Morales,buchanananthony@example.com,"2023-06-25",Canada
553,Bailey Smith,,"2023-09-13",USA
554,Robert Yates,omasonexample.com,"2024-10-25",Japan
555,Justin Sanders,farmstrong@example.com,"2023-12-14",India
556,Robert Torres,icook@example.com,"2025-05-17",USA
557,Mrs. Amber Poole,roberttrujillo@example.com,"2023-08-14",Germany
558,Heather Wade,,"2025-06-06",France
559,Eric Benson,amy34@,"2024-06-09",UK
560,Monica Duncan,heather31@example.net,"2025-01-13",UK
561,Victoria Bryant,anthonysullivan@,"2023-11-07",Japan
562,Todd Brown,richardsamanda@example.com,"2024-10-13",USA
563,Jose Jimenez,tali@example.com,"2025-02-01",Germany
564,Andrea Payne,asanchezexample.net,"2023-08-29",USA
565,David Hamilton,smithdavid@example.net,"2023-10-02",Germany
566,Harold Johnson,cmiller@example.org,"2025-03-03",India
567,Sandra Stone,wadelynn@example.com,"2024-09-21",UK
568,Shelley Harrell,johnsonrobert@example.org,"2024-11-26",Japan
569,Harry Wheeler,hughesjacqueline@example.org,"2023-07-19",USA
570,Jason Brown,alyssa74@example.net,"2025-02-18",Germany
571,Bonnie Melton,smithjonathon@example.com,"2023-07-10",Canada
572,Nicholas Ochoa,reyesmelissa@example.org,"2025-01-14",UK
573,Peggy Kennedy,garciasamuel@,"2024-12-11",Canada
574,Joseph Parker,wellsjessica@example.net,"2024-12-10",Japan
575,Kathleen Chapman,brandon37example.com,"2025-03-03",USA
576,Katherine Vasquez,markrodgers@example.net,"2025-03-14",France
577,Jennifer Rogers,butlerlisa@example.com,"2023-07-24",USA
578,Jesse Washington,jacksonpatrick@example.com,"2025-04-27",Germany
579,Natalie Palmer,janet41@example.org,"2024-04-21",Germany
580,Brandon Garrett,joshuayoung@example.com,"2025-04-17",UK
581,Nicole Singleton,johnsondiane@example.com,"2024-07-15",Japan
582,Jennifer Palmer,josephsean@example.com,"2025-02-25",India
583,Nicholas Smith,harristimothy@,"2025-02-22",Canada
584,Veronica Smith,fwilliams@example.org,"2024-03-20",USA
585,Lisa Griffith,wespinoza@example.com,"2024-12-09",Germany
586,Hayley Howard,VANESSA78@EXAMPLE.NET,"2024-03-31",USA
587,Cynthia Ramos,elizabeth77@example.com,"2025-02-12",Canada
588,Mark Scott,danielle53@example.net,"2023-10-23",Germany
589,Tara Mcdonald,SRODRIGUEZ@EXAMPLE.COM,"2024-04-15",Germany
590,Daniel Ferguson,angelalopezexample.org,"2023-09-22",UK
591,Pamela Osborne,lcabrera@example.net,"2024-01-14",India
592,Phillip Conley,smithsamantha@example.net,"2024-02-08",USA
593,Shelby Dixon,yortiz@example.com,"2025-02-12",Canada
594,Michael Ramirez,gonzalezchristy@example.org,"2023-09-03",Japan
595,Justin Park,katherinewagner@,"2023-10-31",Germany
596,Dylan Welch,KRISTYACOSTA@EXAMPLE.COM,"2025-04-16",Canada
597,Matthew Wilson,brandonvalencia@example.org,"2023-11-15",USA
598,Trevor Perez,jeffrey74@example.net,"2024-02-13",India
599,Nathan Robinson,archermichael@example.net,"2024-10-03",Germany
600,Beverly Washington,nicholaswells@example.org,"2024-04-02",USA
601,Jordan Hall,,"2023-09-09",Germany
602,Erik Gregory,matthew67@example.org,"2024-09-06",Germany
603,Thomas Bennett,ryanmaria@example.com,"2023-08-06",UK
604,Miss Kimberly Patterson,ericamoody@example.com,"2025-02-05",France
605,Beverly Hunt,colontracy@example.net,"2024-08-03",UK
606,Laura Choi,,"2024-10-22",Germany
607,Brad Gilmore,walkerrachel@example.com,"2024-04-22",India
608,Alexander Gonzalez,gabriel40@example.org,"2024-05-11",India
609,Stephanie Lopez,robertmillerexample.com,"2024-07-08",UK
610,Miranda Stout,melinda33@example.com,"2024-09-23",France
611,Gabriel Thomas,stephaniemoyer@example.com,"2024-06-28",India
612,Linda Skinner,kelly82example.com,"2023-07-28",UK
613,Ryan Martin,brownhailey@example.org,"2023-11-30",USA
614,Erika Walton,adam24example.org,"2024-11-30",Germany
615,Charles Hess,blairloriexample.org,"2024-01-16",India
616,Kyle Wright,vturner@example.net,"2024-09-25",USA
617,Steven Ford,qwilliams@example.net,"2024-07-04",India
618,Jasmine Hamilton,cheyenne81@example.org,"2024-06-08",India
619,Megan Ramos,matthew91@example.net,"2023-08-07",Germany
620,Kristen Bridges,leonardmartinez@example.com,"2024-02-19",India
621,Dr. Susan Lee DDS,,"2024-06-02",India
622,Micheal Fleming,heather85@example.net,"2024-08-21",India
623,Jesse Walker,amandasalinas@example.com,"2024-01-20",Germany
624,Luis Reed,vanessajennings@example.com,"2024-01-21",Germany
625,Heather Farrell,ashleycastro@example.com,"2023-08-04",Japan
626,Rebecca Lopez,williamscurtis@example.net,"2023-11-09",Japan
627,Ann Lewis,thomasgomez@,"2023-12-15",Germany
628,Barbara Giles,plee@example.net,"2024-01-16",Germany
629,Richard Santiago,bautistajamie@example.net,"2023-06-23",Germany
630,Colton Merritt,barry44@example.net,"2023-07-26",India
631,Larry Williams,dennis61@example.org,"2023-10-18",India
632,Melissa Mendez,tammynelson@example.org,"2024-07-21",Canada
633,Hayden Russell,CHRISTOPHERSMITH@EXAMPLE.COM,"2025-05-16",UK
634,Jacob Khan,,"2024-05-04",France
635,Stephen Fuller,kristen52example.net,"2024-06-29",Japan
636,David Sanchez,debra80@,"2023-12-31",Canada
637,Andrea Glover,garrettramirez@example.com,"2024-01-22",India
638,Meghan Mercado,tleonexample.net,"2024-03-17",Canada
639,Brandon Murray,dunnmelissa@example.com,"2024-02-25",Japan
640,Richard Carter,james13example.org,"2024-09-03",India
641,Manuel May,amber70@example.com,"2023-07-19",Japan
642,Christina Flores,steeleallison@,"2024-05-13",India
643,Stephen Orozco,amandaholt@example.net,"2025-04-05",Germany
644,Caitlin Anderson,susan02@example.net,"2023-11-15",UK
645,Michael Moore,john49@example.net,"2023-08-03",Japan
646,Donald Washington,turnermorgan@example.com,"2023-11-01",Japan
647,Kimberly Short,bryce80example.net,"2024-09-10",Germany
648,Robert Hughes,cwoods@example.net,"2023-10-10",India
649,Jamie Wolfe,,"2024-12-24",Canada
650,Amanda Hogan,scottjoshua@,"2025-04-20",UK
651,Nicholas Smith,uwilliams@example.net,"2024-04-22",Canada
652,Elizabeth Lewis,chelseacarroll@example.com,"2024-02-13",Japan
653,David Peters,leah08@example.org,"2025-05-12",USA
654,Dorothy Little,brownjulian@example.net,"2025-01-05",India
655,Jill Freeman,qsmith@example.com,"2023-12-16",Canada
656,Robert Rivers,smiller@example.com,"2024-07-03",France
657,Christopher Bailey,christopher73@example.org,"2024-01-20",Canada
658,Elizabeth Wright,baileyleonard@example.com,"2024-05-09",France
659,Arthur Rogers,,"2023-08-26",UK
660,Valerie Harris,jonesjohnexample.com,"2024-10-19",UK
661,Tricia Phillips,richardsmith@example.org,"2024-05-09",UK
662,Paula Nguyen,scottsharp@example.com,"2025-04-09",Japan
663,Adam Chen,stevensanders@example.net,"2023-12-16",Canada
664,Miguel Gregory,michael17@example.org,"2023-10-19",UK
665,Cynthia Davis,dwilkersonexample.com,"2024-11-29",France
666,Kathryn Stevens,estradamelissa@example.org,"2025-01-18",France
667,Logan Stein,zachary32@example.com,"2023-10-31",France
668,Jesus Reese,laura96@,"2025-05-11",Germany
669,Angela Campbell,LAUREN45@EXAMPLE.NET,"2023-10-03",Canada
670,Joshua Henry,raymond86@example.com,"2024-01-28",USA
671,Calvin Zhang,laura14@example.com,"2025-06-09",Japan
672,Connie Smith,carolyn88example.org,"2023-10-08",India
673,Brian Clarke,butlersabrina@example.org,"2024-12-28",USA
674,Rebekah Bradley,james73@example.org,"2025-05-22",Germany
675,Mary Robertson,kellymiller@,"2025-04-07",UK
676,Jennifer Salinas,ann57@example.org,"2024-06-28",Canada
677,Robert Peters,gutierrezmelvin@example.net,"2024-11-18",Japan
678,Christine Bush,courtney13@example.org,"2025-01-28",France
679,Kristin Padilla DVM,colekaren@example.com,"2024-07-29",USA
680,Mason Russell,akramer@example.net,"2023-08-26",UK
681,Kristin Sanchez,ARODRIGUEZ@EXAMPLE.ORG,"2024-08-22",Japan
682,Jason Garrett,whitepaulexample.org,"2024-10-07",UK
683,Alexander Walker,jasmine59@example.org,"2023-12-26",Germany
684,Gloria Harris,cherylmorales@example.com,"2023-09-28",USA
685,Michael Hubbard,christopher60@example.com,"2024-11-28",Canada
686,Veronica Kramer,ruizmatthew@example.com,"2025-02-26",Canada
687,Dylan Holt,,"2024-04-18",UK
688,Jon Sutton,simmonsnicholas@example.com,"2023-09-01",USA
689,Walter Burke,taylorjennifer@example.com,"2024-12-16",Japan
690,Lindsay Hodge,,"2025-03-21",Japan
691,Ryan Wright,heather16@example.net,"2023-06-14",France
692,Victor Shannon,johnsonbrandonexample.com,"2024-04-21",Canada
693,Janice Delacruz,,"2025-02-07",France
694,Tasha Hughes,,"2024-09-09",France
695,Michele Warren,philip28@example.org,"2024-06-10",UK
696,Jennifer Marshall,scottparker@example.org,"2025-02-10",Germany
697,Christopher Ayers,lisathompson@example.net,"2024-10-01",France
698,Timothy Clay,jonathanscott@example.net,"2024-09-20",Germany
699,John Newman,blackcorey@example.com,"2025-04-11",Canada
700,William Lester,jonesashley@example.org,"2023-11-11",Germany
701,Lauren Wilkerson,,"2023-11-23",Germany
702,Alicia Allen,kristine16@example.org,"2023-08-07",France
703,Sandra Smith,kevinrichards@example.com,"2024-05-23",India
704,Brenda Garcia,owensjason@example.net,"2024-04-20",USA
705,Darryl Morales,imartin@example.org,"2023-07-01",USA
706,James Johnston,tricia24@example.net,"2024-11-17",Japan
707,Joanna Mccormick DDS,castromichael@,"2024-11-11",France
708,Karen Payne,ysanchez@example.net,"2023-10-02",Canada
709,Shannon Brown,dwaynemills@example.net,"2024-08-16",India
710,Jerry Gardner,sanchezjamie@example.net,"2025-03-25",UK
711,April Harris,whitedonna@example.net,"2024-06-06",USA
712,John Kelly,bferguson@,"2024-05-20",France
713,Rachel Smith,kdixon@example.org,"2025-05-12",USA
714,Vincent Cruz,ghendrix@example.net,"2023-08-21",UK
715,Diamond Hill DVM,rwagner@example.net,"2023-09-09",UK
716,Carlos Hunter,fsolis@example.net,"2024-06-28",Germany
717,Christopher Johnson,nroberts@example.net,"2023-06-21",India
718,Jennifer Johnson,adrienne02@example.com,"2023-10-24",India
719,Sierra Davis,ronaldmills@example.net,"2023-07-09",Canada
720,Justin Osborn,THOMAS77@EXAMPLE.COM,"2025-05-20",India
721,Colleen Donaldson,amy56@example.net,"2024-09-29",Japan
722,Michael Allen,lauramatthewsexample.com,"2025-05-02",Canada
723,Karl Contreras,hflores@example.org,"2024-05-18",Japan
724,Katrina Hill,ALBERTSILVA@EXAMPLE.COM,"2025-01-22",USA
725,Rebecca Branch,greerandrewexample.org,"2025-05-23",UK
726,Brandon Walker,bentleyteresa@example.org,"2024-05-13",Canada
727,Wendy Rios,samantha02@example.com,"2023-12-25",UK
728,Johnathan Mckay,kellyemily@example.com,"2023-11-26",USA
729,Thomas Abbott,markmills@example.org,"2025-01-29",India
730,Travis Garcia,jalexander@example.com,"2023-12-21",UK
731,Beverly Walker,lewisemily@example.org,"2025-05-11",UK
732,Adam Murphy,,"2024-07-31",India
733,Darlene Moran,ronald46@example.org,"2024-08-20",Canada
734,Jordan Myers,martinezrichard@example.net,"2024-03-08",France
735,Thomas Graves,dgarcia@example.com,"2024-04-29",Japan
736,Shannon Bailey,rperez@example.net,"2024-06-16",India
737,Tiffany Hooper,vwaters@example.org,"2024-02-06",USA
738,Audrey Mcmahon,scottmichael@,"2024-11-29",France
739,Pamela Washington,robin64@example.com,"2025-05-22",Germany
740,Mary Casey,MURPHYAMY@EXAMPLE.NET,"2024-10-30",France
741,Matthew Taylor,thomaskylieexample.org,"2023-07-17",USA
742,Jennifer Holmes,kelsey22@,"2024-04-05",India
743,Ruben Daniels,matthew04@,"2025-04-25",Japan
744,Johnny Cole,connieschaefer@example.org,"2023-09-20",Germany
745,Daniel Jones,darius48@example.net,"2024-10-27",France
746,Kevin Brewer,pkramer@,"2024-03-31",India
747,Jose Lopez,allison49@example.org,"2024-12-21",UK
748,Maria Crosby,wmurray@example.net,"2025-05-18",Japan
749,Shawn Murphy,bgriffith@example.net,"2023-11-22",Japan
750,Matthew Potter,austinknox@example.net,"2023-11-20",Germany
751,Christopher Curry,rsharp@example.net,"2025-01-23",France
752,Pamela Knight,,"2024-07-12",France
753,Desiree Petersen,,"2024-11-30",Germany
754,James Gross,charles91@example.net,"2024-04-29",Canada
755,Kevin Duran,,"2024-06-13",India
756,Thomas Odonnell,dcohen@example.com,"2023-12-31",USA
757,Victoria Dominguez,william67@example.net,"2024-11-18",Japan
758,Gina Lewis,kproctor@,"2024-04-16",India
759,David Thomas,linda79@example.net,"2024-04-15",Canada
760,Amy Wiley,montgomerycody@example.org,"2024-03-15",UK
761,Stephanie Harmon,,"2024-02-24",France
762,Jacob Park,brockmichelle@example.org,"2024-06-13",India
763,Melissa Taylor,emcdaniel@,"2024-03-15",UK
764,Jillian Harrison,anthony86@example.net,"2024-03-24",France
765,Stephen Sherman,angelaestradaexample.net,"2024-10-17",India
766,Jeffrey Murphy,,"2023-12-17",France
767,Marcus Hebert,ASHLEYWILLIAMS@EXAMPLE.ORG,"2023-12-28",France
768,Justin Kerr,HOWARDJOEL@EXAMPLE.NET,"2025-01-16",India
769,Richard Mann,ELIJAHQUINN@EXAMPLE.ORG,"2025-06-10",Germany
770,Billy Cameron,,"2024-01-29",India
771,Shawn Mcmahon,RBROCK@EXAMPLE.COM,"2024-05-12",USA
772,Mr. Gerald Franco,phuang@example.com,"2024-03-25",USA
773,Matthew Nixon,susanroberson@example.com,"2024-12-14",Canada
774,Mr. Andrew Carr Jr.,RNASH@EXAMPLE.COM,"2024-04-04",Germany
775,Mariah Brandt,codycastro@example.com,"2023-11-06",Germany
776,Heather Sanchez,ghenry@example.org,"2024-08-01",USA
777,Penny Brown,dbartlett@example.com,"2023-08-03",UK
778,Christine Jackson,,"2024-04-17",France
779,Monica Barnett,clarkelizabeth@example.com,"2024-12-14",India
780,Julie Anderson,christinagilbert@example.org,"2024-08-30",Japan
781,Michael Harvey,,"2025-01-23",UK
782,Sarah Figueroa,lancewilliamson@example.net,"2024-02-14",Japan
783,Mario Sweeney,gregdalton@example.com,"2024-11-07",France
784,Victoria Liu,rhale@example.net,"2024-09-06",France
785,Renee Glass,peggy25@example.net,"2024-07-25",Canada
786,Julie Evans,thomaswells@example.com,"2025-01-18",USA
787,Anita Jennings,allenwagner@example.com,"2024-03-28",India
788,Katelyn Reyes,lisa92@example.com,"2023-08-30",USA
789,Kelli Smith,george71@example.com,"2025-02-26",India
790,Marcus Walker,joseph74@example.org,"2024-10-21",France
791,Taylor Thompson,VICTORIA10@EXAMPLE.ORG,"2025-01-05",Japan
792,Benjamin Johnson,cvasquez@example.com,"2023-08-23",France
793,Julie Johnston,,"2024-04-04",USA
794,Benjamin Schmidt,,"2023-09-13",India
795,Renee Bailey,kristopherreynoldsexample.org,"2025-02-04",Germany
796,Edward Berry,mrandall@example.net,"2024-03-06",USA
797,John Elliott,gsimon@example.org,"2023-10-06",Japan
798,John Liu,faith14example.com,"2025-04-02",UK
799,Luis Hooper,ricardo12@example.com,"2023-09-14",Germany
800,Kevin Gomez,robert39@example.com,"2023-11-20",Germany
801,Carla Martinez,laramichelle@example.org,"2025-02-16",France
802,Miguel Brown PhD,castillojeffreyexample.org,"2023-11-13",USA
803,Debra Clark MD,cynthia25@example.org,"2024-11-20",Japan
804,Carl Pham,ashley93@example.org,"2024-08-03",Japan
805,Teresa Atkinson,james59@example.com,"2025-04-17",France
806,Rachel Smith,dhill@example.com,"2024-10-17",France
807,Bobby Warner,millerjennifer@example.net,"2025-01-02",Japan
808,William Mcclain,mannaustin@example.com,"2024-02-14",UK
809,Zachary Bush,villarrealandrew@example.org,"2024-02-19",Canada
810,Billy Maldonado,michelleallenexample.org,"2023-10-14",Japan
811,Thomas Walker,ncraig@example.com,"2025-02-20",USA
812,Michael Smith,,"2023-08-27",France
813,Jillian Berry,donald11example.net,"2023-06-16",France
814,Christine Edwards,lovedanielleexample.com,"2023-12-06",Canada
815,Robert Hall,RODRIGUEZTOMMY@EXAMPLE.COM,"2023-11-20",France
816,Erika Larson,heidi75@example.net,"2024-07-02",India
817,Shari Hess,,"2023-11-12",Germany
818,Peter Juarez,turneradam@example.net,"2024-09-19",USA
819,Holly Collins,ISABELLARILEY@EXAMPLE.ORG,"2025-05-27",France
820,William Ramirez,HALEYMOORE@EXAMPLE.ORG,"2025-04-09",France
821,Gina Holland,,"2024-06-30",France
822,Monique Gonzalez,ffischer@,"2024-04-06",Germany
823,Kelly Mills,janemoore@example.net,"2024-09-17",France
824,Heather Henry,ithomas@,"2023-07-28",USA
825,Brad King,jchambers@example.org,"2025-03-09",UK
826,Jacob Ramirez,mcervantes@example.com,"2024-05-01",Canada
827,Theresa Medina,maciasrichard@example.net,"2024-07-02",Japan
828,Breanna Aguilar,maxwell69@example.org,"2024-04-14",Japan
829,Douglas Duncan,goodwinchad@example.org,"2024-09-16",France
830,Susan Frost,KENNEDYDOROTHY@EXAMPLE.NET,"2024-11-30",USA
831,Ann Wilson,rhaney@example.org,"2025-03-29",France
832,Cassidy Perkins,,"2025-04-06",UK
833,Nicholas Graham,TROYCAMPBELL@EXAMPLE.ORG,"2024-07-30",India
834,Jeremy Keller,sally01@example.org,"2024-09-07",Canada
835,Melanie Briggs,jadams@example.com,"2023-08-27",USA
836,Kayla Sosa,,"2024-01-12",UK
837,Jacqueline Figueroa,xrodriguez@example.com,"2023-11-15",India
838,Andrea Sanchez,,"2024-07-01",India
839,Sherry Harris,rileybrookeexample.org,"2024-02-11",France
840,Natasha Cannon,benjamin37example.com,"2024-10-01",Canada
841,Erin Mccarthy,ecantu@example.com,"2025-04-11",UK
842,Paul Davenport,,"2024-07-25",France
843,Theresa Reeves,patriciaford@example.org,"2025-01-10",Germany
844,Mr. Michael Combs MD,gbaldwin@example.net,"2023-06-14",Japan
845,Dana Kirk,VIRGINIAWOOD@EXAMPLE.ORG,"2025-04-06",UK
846,Lisa Jackson,brittany69@,"2025-04-24",India
847,Julie Wolfe,sandra13@example.net,"2025-06-02",UK
848,Corey Shepard,benjamin10@example.org,"2023-09-27",USA
849,Susan Young,lindsay66@example.net,"2024-03-21",France
850,Mary Morales,cantujamesexample.org,"2024-08-09",France
851,Carolyn Bowman,randyfreeman@example.net,"2023-08-01",USA
852,Alison Delacruz,kelli09@example.com,"2024-10-27",Japan
853,Trevor Vargas,eddie26@,"2025-05-13",Canada
854,Tracy Moreno,,"2025-03-20",Canada
855,Jillian Adams,gabriellerobinson@,"2024-11-30",UK
856,Marissa Cox,bryanlee@example.org,"2024-04-22",France
857,Molly Burnett,MARIA89@EXAMPLE.COM,"2025-03-11",France
858,Nicholas Palmer,robertsamy@example.com,"2024-04-14",UK
859,Juan Wilkerson,ygardnerexample.org,"2024-01-30",France
860,Brad Jimenez,NICHOLAS91@EXAMPLE.COM,"2025-05-25",Japan
861,Michelle Griffin,justin09example.net,"2024-07-28",USA
862,Amy Kemp,hdickson@example.org,"2025-01-14",France
863,Jennifer Ramirez,robertsonjustin@example.net,"2025-02-05",India
864,Joshua Little,,"2024-10-27",UK
865,Juan Cisneros,laura50@example.org,"2025-06-11",India
866,Daniel Green,cmyers@example.org,"2025-01-18",USA
867,Kendra Clark,antoniohughes@example.com,"2024-07-24",UK
868,Jonathan Wong,jonesdanielle@example.com,"2023-07-13",Japan
869,Michael Willis,,"2024-06-05",India
870,Michael Jackson,sgarza@example.com,"2024-02-10",Germany
871,Isaiah Warren,,"2024-08-20",Japan
872,Steven Richardson,ooliverexample.net,"2024-01-29",Canada
873,Kayla Torres,zdoyle@example.com,"2025-04-18",USA
874,Sarah Ruiz,gonzalezbrittany@example.org,"2024-11-07",India
875,Christine Chung,zacharyedwards@example.org,"2025-01-30",USA
876,Lisa Underwood,ewells@example.net,"2025-04-28",Germany
877,Lisa Smith,dherrera@example.com,"2023-12-19",Canada
878,Thomas Miles,tranjane@example.com,"2024-01-06",France
879,Marco Stephens,phernandez@,"2024-02-25",USA
880,Jennifer Oconnell,parrishpenny@example.org,"2025-05-06",UK
881,Ronald Peterson,qgreen@,"2024-12-02",UK
882,Amy Young,GARCIAJEFFERY@EXAMPLE.NET,"2023-08-19",Germany
883,Brent Garcia,wbates@example.org,"2025-02-27",Germany
884,Carlos Barnett,gmatthews@example.com,"2023-10-11",India
885,Michael Robbins,,"2024-11-25",USA
886,Timothy Lam,VINCENT09@EXAMPLE.NET,"2024-01-27",UK
887,Shannon Odonnell,RIVERABENJAMIN@EXAMPLE.ORG,"2025-04-07",USA
888,Cathy Stone,ritterkimberly@example.com,"2025-03-23",Japan
889,Megan Johnson,carla04@example.com,"2024-10-31",Germany
890,Andrew Simpson,jeffreyhayes@example.com,"2023-09-04",India
891,Linda Allen,oclark@,"2024-09-04",France
892,Ann Vasquez,hilljason@example.org,"2023-12-26",USA
893,Tracy Mcdonald,brendasimmons@example.org,"2025-05-24",Germany
894,James Willis,,"2024-07-06",UK
895,Kaitlyn Castro,icastillo@,"2024-06-19",Canada
896,James Bishop,ERINOROZCO@EXAMPLE.ORG,"2024-06-29",Canada
897,Alex Murphy,brian69@,"2024-07-27",Germany
898,William Smith,baileydavid@example.net,"2024-08-23",UK
899,Robert Medina,egarcia@example.com,"2024-07-15",Japan
900,Sabrina Warner,,"2024-03-26",Canada
901,Nicole Perez,ashley44@example.org,"2023-06-23",France
902,David Vega,,"2023-12-09",India
903,Carrie Conley,RAVENWILLIAMS@EXAMPLE.ORG,"2024-09-09",UK
904,Courtney Wilson,reynoldsmarcus@example.net,"2024-09-09",India
905,Anthony Parker,vmontoyaexample.org,"2023-08-18",France
906,Denise Acevedo,jenniferburns@example.org,"2024-10-26",Canada
907,David Lucas,daynicholas@example.com,"2024-10-11",France
908,Stephen Williams,william04@,"2024-10-30",USA
909,Denise Mckenzie,janice56@example.org,"2025-05-03",France
910,Michele Walker,kevin65@example.net,"2025-05-04",Canada
911,Eric Garcia,tcarson@example.org,"2024-06-01",India
912,Alexander Curtis,susan86@example.com,"2024-04-26",USA
913,Melinda Fox,tracyharper@example.org,"2024-05-10",India
914,John Mueller,andreahanson@example.net,"2024-12-23",Canada
915,Carlos Lee,christineporter@example.net,"2024-06-14",Germany
916,David Collins,smalone@example.com,"2023-07-16",Canada
917,Michael Coleman MD,JOSHUACALLAHAN@EXAMPLE.COM,"2024-03-23",USA
918,William Carpenter,,"2024-04-23",USA
919,Megan Pace,kevinwolf@example.com,"2023-07-16",USA
920,Pamela Sanchez,gsmith@example.org,"2024-11-26",UK
921,Thomas Harris,xrobertsexample.org,"2023-12-13",Japan
922,Damon Oliver,sjuarez@example.org,"2024-11-12",France
923,Alexander Williams,KJOHNSON@EXAMPLE.COM,"2023-07-31",France
924,David Morrison,norrisbrittany@,"2023-10-09",UK
925,Mary Mendoza,fmyers@example.net,"2024-07-03",Japan
926,Kathryn Fox,jbennett@,"2024-09-22",USA
927,Daniel Zimmerman,martinezcheryl@example.com,"2023-06-16",France
928,Stephen Bean,brendacunningham@example.com,"2023-06-12",Canada
929,Lawrence Ross,elopezexample.com,"2023-10-03",UK
930,Robert Erickson,ccastillo@example.net,"2024-02-29",India
931,Johnny Foster,brittneyjones@,"2025-05-09",India
932,Christopher Villarreal,qmackexample.org,"2023-11-17",Canada
933,Benjamin George,rodriguezbrentexample.com,"2023-08-06",UK
934,Scott Hernandez,randallwilson@example.org,"2024-08-04",UK
935,Steven Matthews,sarah39@example.com,"2024-10-18",India
936,James Carter,nicole11@example.org,"2024-07-13",Canada
937,Howard Jackson,diazdenise@example.net,"2023-08-03",Japan
938,Jessica Vaughan,,"2025-02-13",USA
939,Andrew Williams,josephcruz@example.org,"2025-01-03",India
940,Beth Mckee,delgadolauren@,"2023-11-15",USA
941,Jessica Curtis,,"2025-03-22",India
942,Nathaniel Yang,lisachen@example.com,"2025-05-17",France
943,Donald Garcia,colin29@example.net,"2023-09-03",Japan
944,Mark Smith,michael16@example.com,"2023-09-03",USA
945,Cheryl Montes,albert25@example.org,"2024-05-23",India
946,Samantha Gonzales,waynehamiltonexample.com,"2024-11-03",USA
947,Tabitha Lee,cody31@example.org,"2024-05-09",France
948,Nathan Wong,hayleyalexander@example.net,"2024-05-04",UK
949,April Melton,,"2024-06-09",USA
950,Rachael Cunningham,navarrotroy@example.net,"2025-05-29",UK
951,Amanda Walker,dawn58@example.com,"2023-09-18",USA
952,Jonathan Espinoza MD,ADAM70@EXAMPLE.NET,"2024-12-16",UK
953,Nathan Russell,ujohnson@example.org,"2023-10-25",Germany
954,Alexandra Williams,santosgary@example.com,"2025-01-09",Canada
955,Dominique Nolan MD,melissajohnson@example.net,"2024-03-30",India
956,Margaret Fuller,matthewmejia@,"2023-06-19",India
957,Charles Hamilton,YMACDONALD@EXAMPLE.ORG,"2024-06-24",Germany
958,Kenneth Smith,benjamin53example.net,"2025-01-23",France
959,Brett Baker,fryesara@example.org,"2024-04-03",Japan
960,Erin Peterson,kbond@,"2024-02-05",Germany
961,Kimberly Spencer,clarkjennifer@example.org,"2023-09-10",USA
962,Ryan Rodriguez,nealdale@example.com,"2023-07-30",India
963,Scott Burton,CGRAHAM@EXAMPLE.NET,"2023-08-06",USA
964,Jessica Thomas,charlesramirez@example.org,"2024-01-11",UK
965,Carol White,,"2024-09-08",India
966,Jennifer Yu,bsantos@example.net,"2024-11-27",USA
967,Mark Charles,nicolejackson@,"2024-05-10",India
968,Ashley Hamilton,URIVERA@EXAMPLE.COM,"2023-10-19",Canada
969,Kathryn Mcmillan,phillip93@example.org,"2023-06-26",USA
970,Dustin Roy,DOUGLASLESLIE@EXAMPLE.NET,"2023-12-30",USA
971,Allen Walls,shaun80@,"2025-02-28",Canada
972,Richard Smith,weeksashley@example.com,"2025-03-17",USA
973,Paula Dunn,elizabeth98@example.com,"2025-04-28",Japan
974,Clayton Fowler,woodsgeorge@example.net,"2025-01-10",Germany
975,James Hodges,lesliesmith@example.org,"2024-02-03",Japan
976,Jon Davis,kimberlyanderson@example.com,"2024-08-17",Japan
977,Charlene Smith,jenniferhoward@example.com,"2024-10-09",Germany
978,Elizabeth Gonzalez,JESSICA33@EXAMPLE.COM,"2024-02-01",Japan
979,Charles Payne,kellilong@example.net,"2023-10-30",Japan
980,Cheryl White,VOWENS@EXAMPLE.NET,"2024-07-04",Germany
981,Joseph Clarke,,"2024-03-14",Germany
982,Christopher Bennett,,"2023-12-15",Canada
983,Ashley Garcia,michaelhernandez@example.net,"2025-01-08",UK
984,Thomas Lee,hthompson@example.com,"2023-07-29",Germany
985,Rachel Thomas,benjaminjones@example.com,"2025-04-25",UK
986,Kevin Morris,anthony43@example.net,"2023-12-26",Germany
987,Laura Garcia,robert32@,"2023-06-29",UK
988,Zachary Adams,CASSANDRA73@EXAMPLE.ORG,"2024-08-30",Japan
989,Anthony Riley,kathryn86@example.org,"2024-02-11",Japan
990,Christopher Davis,christopher49@,"2024-11-10",India
991,Steven Smith,nicole05@example.org,"2024-12-27",Japan
992,Adam Owens,zachary12@,"2023-08-20",USA
993,Allison Jones,imiller@example.com,"2024-01-08",Japan
994,Sherry Scott,,"2025-01-17",India
995,Douglas Lindsey,woodsmichael@example.com,"2023-08-22",UK
996,Cody Martin,lisa05@example.net,"2024-12-27",UK
997,Megan Williams,ROBIN21@EXAMPLE.ORG,"2025-06-06",India
998,Dr. Jessica Smith,scott11@example.org,"2025-06-10",France
999,Kathryn Mason,plewis@example.com,"2024-05-26",Germany
1000,Gabriela Decker,STAFFORDANN@EXAMPLE.ORG,"2023-07-07",Germany
